flywire_id,cell_type,side,role,band
720575940603949024,LC10a,left,object,0
720575940604389054,LC10a,left,object,1
720575940605072742,LC10a,left,object,3
720575940605426609,LC10a,left,object,0
720575940606114732,LC10a,left,object,3
720575940607272715,LC10a,left,object,3
720575940607520777,LC10a,left,object,2
720575940609956558,LC10a,left,object,0
720575940610227162,LC10a,left,object,3
720575940610369230,LC10a,left,object,3
720575940610429282,LC10a,left,object,0
720575940610506872,LC10a,left,object,2
720575940611121557,LC10a,left,object,1
720575940611298995,LC10a,left,object,3
720575940611628786,LC10a,left,object,3
720575940611711461,LC10a,left,object,1
720575940612845973,LC10a,left,object,1
720575940613771743,LC10a,left,object,0
720575940614697183,LC10a,left,object,0
720575940614918924,LC10a,left,object,3
720575940614977959,LC10a,left,object,1
720575940615858747,LC10a,left,object,3
720575940616796121,LC10a,left,object,3
720575940617228573,LC10a,left,object,3
720575940617498708,LC10a,left,object,1
720575940617879710,LC10a,left,object,1
720575940618287307,LC10a,left,object,0
720575940618606040,LC10a,left,object,2
720575940619009195,LC10a,left,object,0
720575940619116885,LC10a,left,object,0
720575940619257536,LC10a,left,object,3
720575940619341806,LC10a,left,object,0
720575940619921524,LC10a,left,object,0
720575940619973185,LC10a,left,object,0
720575940620293848,LC10a,left,object,2
720575940620644437,LC10a,left,object,3
720575940620778623,LC10a,left,object,0
720575940620884756,LC10a,left,object,1
720575940620967194,LC10a,left,object,1
720575940621189214,LC10a,left,object,1
720575940621201279,LC10a,left,object,2
720575940621436581,LC10a,left,object,0
720575940621543789,LC10a,left,object,1
720575940621780104,LC10a,left,object,1
720575940621949350,LC10a,left,object,3
720575940622052301,LC10a,left,object,1
720575940622127856,LC10a,left,object,0
720575940622184072,LC10a,left,object,0
720575940623174152,LC10a,left,object,2
720575940623350453,LC10a,left,object,2
720575940623622899,LC10a,left,object,2
720575940623751861,LC10a,left,object,0
720575940624055559,LC10a,left,object,3
720575940624367401,LC10a,left,object,0
720575940625415452,LC10a,left,object,2
720575940625588412,LC10a,left,object,3
720575940625762050,LC10a,left,object,1
720575940625781946,LC10a,left,object,2
720575940626062681,LC10a,left,object,2
720575940626115965,LC10a,left,object,2
720575940626683218,LC10a,left,object,1
720575940626812715,LC10a,left,object,2
720575940626903829,LC10a,left,object,2
720575940627095177,LC10a,left,object,1
720575940627265223,LC10a,left,object,1
720575940627371599,LC10a,left,object,0
720575940627428907,LC10a,left,object,3
720575940627475203,LC10a,left,object,0
720575940627575825,LC10a,left,object,3
720575940627692677,LC10a,left,object,3
720575940627743833,LC10a,left,object,1
720575940627975952,LC10a,left,object,3
720575940628137319,LC10a,left,object,0
720575940628553515,LC10a,left,object,2
720575940628786908,LC10a,left,object,2
720575940629120503,LC10a,left,object,2
720575940629291063,LC10a,left,object,0
720575940629568300,LC10a,left,object,0
720575940629665989,LC10a,left,object,0
720575940629767418,LC10a,left,object,2
720575940629852239,LC10a,left,object,2
720575940629948163,LC10a,left,object,1
720575940629993167,LC10a,left,object,3
720575940630272343,LC10a,left,object,1
720575940630545483,LC10a,left,object,3
720575940630584151,LC10a,left,object,1
720575940630727388,LC10a,left,object,2
720575940630905047,LC10a,left,object,1
720575940631195217,LC10a,left,object,2
720575940631293324,LC10a,left,object,0
720575940631316840,LC10a,left,object,0
720575940631381575,LC10a,left,object,2
720575940631982929,LC10a,left,object,3
720575940631983185,LC10a,left,object,2
720575940632315695,LC10a,left,object,1
720575940632415800,LC10a,left,object,2
720575940632533843,LC10a,left,object,2
720575940632889145,LC10a,left,object,1
720575940633179543,LC10a,left,object,1
720575940633188121,LC10a,left,object,2
720575940633190169,LC10a,left,object,0
720575940634276532,LC10a,left,object,0
720575940634955631,LC10a,left,object,3
720575940635460270,LC10a,left,object,1
720575940636563630,LC10a,left,object,2
720575940636651768,LC10a,left,object,3
720575940638145651,LC10a,left,object,1
720575940638285109,LC10a,left,object,2
720575940638614244,LC10a,left,object,3
720575940640847835,LC10a,left,object,2
720575940643991319,LC10a,left,object,3
720575940646649220,LC10a,left,object,3
720575940648420996,LC10a,left,object,1
720575940648669828,LC10a,left,object,0
720575940648731513,LC10a,left,object,1
720575940606099586,LC10a,right,object,1
720575940607548683,LC10a,right,object,3
720575940610131093,LC10a,right,object,0
720575940610501093,LC10a,right,object,3
720575940611275310,LC10a,right,object,3
720575940611623859,LC10a,right,object,1
720575940612236241,LC10a,right,object,0
720575940612499662,LC10a,right,object,3
720575940613183272,LC10a,right,object,2
720575940613429782,LC10a,right,object,2
720575940613561868,LC10a,right,object,1
720575940613866346,LC10a,right,object,0
720575940614919878,LC10a,right,object,0
720575940615044136,LC10a,right,object,0
720575940615377319,LC10a,right,object,3
720575940615833574,LC10a,right,object,1
720575940615834086,LC10a,right,object,1
720575940616088991,LC10a,right,object,0
720575940616337181,LC10a,right,object,0
720575940616393053,LC10a,right,object,3
720575940616541341,LC10a,right,object,2
720575940616794585,LC10a,right,object,0
720575940617102715,LC10a,right,object,2
720575940617424468,LC10a,right,object,2
720575940617514397,LC10a,right,object,2
720575940618511773,LC10a,right,object,0
720575940618567425,LC10a,right,object,3
720575940619169901,LC10a,right,object,1
720575940619187648,LC10a,right,object,3
720575940619249061,LC10a,right,object,3
720575940619700859,LC10a,right,object,2
720575940620174708,LC10a,right,object,0
720575940620720112,LC10a,right,object,2
720575940620764660,LC10a,right,object,3
720575940621086157,LC10a,right,object,2
720575940621183587,LC10a,right,object,1
720575940621204417,LC10a,right,object,3
720575940621365417,LC10a,right,object,0
720575940621562918,LC10a,right,object,0
720575940621710826,LC10a,right,object,2
720575940621827789,LC10a,right,object,1
720575940622187329,LC10a,right,object,0
720575940622240355,LC10a,right,object,1
720575940622320637,LC10a,right,object,3
720575940622366448,LC10a,right,object,2
720575940622584816,LC10a,right,object,0
720575940622655709,LC10a,right,object,0
720575940622917876,LC10a,right,object,3
720575940622950663,LC10a,right,object,2
720575940623082237,LC10a,right,object,2
720575940623190089,LC10a,right,object,1
720575940623212988,LC10a,right,object,1
720575940623255369,LC10a,right,object,1
720575940623448078,LC10a,right,object,1
720575940623541718,LC10a,right,object,0
720575940624008376,LC10a,right,object,1
720575940624013606,LC10a,right,object,3
720575940624186407,LC10a,right,object,2
720575940624387978,LC10a,right,object,1
720575940624488781,LC10a,right,object,0
720575940624811664,LC10a,right,object,3
720575940624838899,LC10a,right,object,1
720575940624962341,LC10a,right,object,1
720575940625246845,LC10a,right,object,2
720575940625442306,LC10a,right,object,3
720575940625465487,LC10a,right,object,3
720575940625500956,LC10a,right,object,0
720575940625893834,LC10a,right,object,2
720575940626008153,LC10a,right,object,1
720575940626039129,LC10a,right,object,2
720575940626470226,LC10a,right,object,3
720575940626474377,LC10a,right,object,2
720575940626505349,LC10a,right,object,1
720575940626779048,LC10a,right,object,2
720575940627252154,LC10a,right,object,0
720575940627400522,LC10a,right,object,0
720575940627454193,LC10a,right,object,2
720575940627676798,LC10a,right,object,0
720575940627804265,LC10a,right,object,3
720575940628687354,LC10a,right,object,3
720575940628895232,LC10a,right,object,1
720575940629188140,LC10a,right,object,1
720575940629495631,LC10a,right,object,0
720575940629669531,LC10a,right,object,0
720575940629817849,LC10a,right,object,2
720575940629856312,LC10a,right,object,1
720575940629985849,LC10a,right,object,2
720575940630160325,LC10a,right,object,0
720575940630500394,LC10a,right,object,2
720575940630879274,LC10a,right,object,3
720575940631187048,LC10a,right,object,2
720575940631264140,LC10a,right,object,3
720575940631963300,LC10a,right,object,0
720575940632125154,LC10a,right,object,2
720575940632871905,LC10a,right,object,2
720575940634156655,LC10a,right,object,0
720575940634433887,LC10a,right,object,2
720575940634599269,LC10a,right,object,1
720575940635081579,LC10a,right,object,1
720575940635263383,LC10a,right,object,1
720575940635484517,LC10a,right,object,0
720575940636234473,LC10a,right,object,3
720575940636302143,LC10a,right,object,0
720575940636772318,LC10a,right,object,3
720575940637344590,LC10a,right,object,3
720575940638271677,LC10a,right,object,3
720575940638910296,LC10a,right,object,1
720575940639057240,LC10a,right,object,2
720575940639485824,LC10a,right,object,1
720575940639702581,LC10a,right,object,1
720575940641260160,LC10a,right,object,0
720575940643207191,LC10a,right,object,1
720575940644133911,LC10a,right,object,3
720575940645077527,LC10a,right,object,2
720575940645190510,LC10a,right,object,1
720575940645603095,LC10a,right,object,3
720575940648939897,LC10a,right,object,2
720575940650450934,LC10a,right,object,0
720575940658842753,LC10a,right,object,3
720575940605598892,LC4,left,loom,1
720575940610522009,LC4,left,loom,3
720575940611134833,LC4,left,loom,2
720575940612518055,LC4,left,loom,2
720575940612580977,LC4,left,loom,1
720575940613256863,LC4,left,loom,0
720575940613260959,LC4,left,loom,2
720575940614572742,LC4,left,loom,1
720575940614914107,LC4,left,loom,0
720575940615053580,LC4,left,loom,2
720575940615127227,LC4,left,loom,2
720575940615462587,LC4,left,loom,2
720575940615575007,LC4,left,loom,3
720575940616713355,LC4,left,loom,3
720575940617026260,LC4,left,loom,3
720575940617176321,LC4,left,loom,2
720575940617266722,LC4,left,loom,3
720575940618002644,LC4,left,loom,0
720575940618312606,LC4,left,loom,3
720575940618676440,LC4,left,loom,2
720575940618723749,LC4,left,loom,2
720575940618807105,LC4,left,loom,2
720575940619397542,LC4,left,loom,3
720575940620795728,LC4,left,loom,0
720575940620903551,LC4,left,loom,3
720575940622108001,LC4,left,loom,0
720575940622531767,LC4,left,loom,1
720575940622939836,LC4,left,loom,0
720575940624017251,LC4,left,loom,1
720575940624111763,LC4,left,loom,0
720575940625038090,LC4,left,loom,2
720575940625934973,LC4,left,loom,2
720575940625991043,LC4,left,loom,0
720575940626605200,LC4,left,loom,0
720575940626626895,LC4,left,loom,2
720575940626916936,LC4,left,loom,0
720575940627519107,LC4,left,loom,1
720575940628064260,LC4,left,loom,3
720575940628081541,LC4,left,loom,1
720575940628454522,LC4,left,loom,1
720575940628462340,LC4,left,loom,1
720575940628699560,LC4,left,loom,2
720575940629753807,LC4,left,loom,3
720575940630484495,LC4,left,loom,0
720575940630851036,LC4,left,loom,0
720575940630998339,LC4,left,loom,0
720575940631338271,LC4,left,loom,3
720575940632769180,LC4,left,loom,0
720575940633580384,LC4,left,loom,3
720575940634517856,LC4,left,loom,1
720575940638456227,LC4,left,loom,3
720575940638496720,LC4,left,loom,1
720575940640612480,LC4,left,loom,1
720575940649229433,LC4,left,loom,1
720575940603637438,LC4,right,loom,0
720575940612093351,LC4,right,loom,0
720575940612323025,LC4,right,loom,2
720575940612380723,LC4,right,loom,2
720575940612498129,LC4,right,loom,2
720575940612968421,LC4,right,loom,1
720575940613609484,LC4,right,loom,3
720575940613638041,LC4,right,loom,1
720575940614582946,LC4,right,loom,0
720575940615232217,LC4,right,loom,1
720575940616066705,LC4,right,loom,3
720575940617348379,LC4,right,loom,1
720575940618234704,LC4,right,loom,1
720575940618234715,LC4,right,loom,1
720575940618266459,LC4,right,loom,0
720575940618267227,LC4,right,loom,2
720575940618275520,LC4,right,loom,2
720575940618709158,LC4,right,loom,3
720575940620314221,LC4,right,loom,1
720575940620314612,LC4,right,loom,3
720575940620731380,LC4,right,loom,3
720575940621145821,LC4,right,loom,3
720575940621522458,LC4,right,loom,1
720575940621753579,LC4,right,loom,1
720575940622330582,LC4,right,loom,3
720575940624790781,LC4,right,loom,0
720575940624856762,LC4,right,loom,0
720575940625841351,LC4,right,loom,0
720575940625845447,LC4,right,loom,1
720575940625906702,LC4,right,loom,3
720575940625932421,LC4,right,loom,3
720575940626553596,LC4,right,loom,3
720575940628419527,LC4,right,loom,2
720575940628518400,LC4,right,loom,0
720575940628599895,LC4,right,loom,2
720575940628606713,LC4,right,loom,2
720575940628891863,LC4,right,loom,3
720575940629964591,LC4,right,loom,2
720575940630154660,LC4,right,loom,2
720575940631032657,LC4,right,loom,2
720575940632475449,LC4,right,loom,1
720575940632715234,LC4,right,loom,0
720575940633013355,LC4,right,loom,2
720575940633218863,LC4,right,loom,3
720575940635835967,LC4,right,loom,0
720575940636957006,LC4,right,loom,0
720575940639817947,LC4,right,loom,2
720575940641213824,LC4,right,loom,1
720575940645821316,LC4,right,loom,0
720575940652611745,LC4,right,loom,0
720575940603989420,LPLC2,left,loom,1
720575940606126438,LPLC2,left,loom,0
720575940607845250,LPLC2,left,loom,0
720575940607854531,LPLC2,left,loom,3
720575940608088259,LPLC2,left,loom,1
720575940608875531,LPLC2,left,loom,3
720575940610226645,LPLC2,left,loom,1
720575940611567638,LPLC2,left,loom,3
720575940611821334,LPLC2,left,loom,0
720575940612096462,LPLC2,left,loom,0
720575940612560680,LPLC2,left,loom,0
720575940612766691,LPLC2,left,loom,2
720575940612874536,LPLC2,left,loom,2
720575940613145258,LPLC2,left,loom,3
720575940613219474,LPLC2,left,loom,2
720575940613470947,LPLC2,left,loom,1
720575940613763759,LPLC2,left,loom,3
720575940614631079,LPLC2,left,loom,0
720575940614738444,LPLC2,left,loom,0
720575940615055989,LPLC2,left,loom,1
720575940615332502,LPLC2,left,loom,0
720575940615907723,LPLC2,left,loom,3
720575940615953302,LPLC2,left,loom,3
720575940616008854,LPLC2,left,loom,2
720575940616083345,LPLC2,left,loom,1
720575940616377817,LPLC2,left,loom,2
720575940617289782,LPLC2,left,loom,1
720575940617294219,LPLC2,left,loom,3
720575940617480094,LPLC2,left,loom,3
720575940617997241,LPLC2,left,loom,1
720575940618608177,LPLC2,left,loom,1
720575940618927892,LPLC2,left,loom,0
720575940619197318,LPLC2,left,loom,0
720575940619263937,LPLC2,left,loom,1
720575940619750822,LPLC2,left,loom,0
720575940619900993,LPLC2,left,loom,3
720575940619981494,LPLC2,left,loom,1
720575940620139678,LPLC2,left,loom,2
720575940620306904,LPLC2,left,loom,2
720575940621914904,LPLC2,left,loom,2
720575940622009284,LPLC2,left,loom,1
720575940622156799,LPLC2,left,loom,2
720575940622312072,LPLC2,left,loom,3
720575940622425271,LPLC2,left,loom,1
720575940622680088,LPLC2,left,loom,0
720575940623262461,LPLC2,left,loom,1
720575940623551684,LPLC2,left,loom,0
720575940623652083,LPLC2,left,loom,3
720575940623827348,LPLC2,left,loom,2
720575940623925774,LPLC2,left,loom,1
720575940624208824,LPLC2,left,loom,3
720575940624359093,LPLC2,left,loom,2
720575940624417584,LPLC2,left,loom,2
720575940624531652,LPLC2,left,loom,0
720575940624755504,LPLC2,left,loom,1
720575940625216202,LPLC2,left,loom,0
720575940625477721,LPLC2,left,loom,2
720575940625695269,LPLC2,left,loom,0
720575940625697772,LPLC2,left,loom,2
720575940625700739,LPLC2,left,loom,2
720575940626236041,LPLC2,left,loom,2
720575940626375172,LPLC2,left,loom,0
720575940626384200,LPLC2,left,loom,0
720575940626414279,LPLC2,left,loom,0
720575940626617084,LPLC2,left,loom,1
720575940627368254,LPLC2,left,loom,1
720575940627685765,LPLC2,left,loom,3
720575940627902078,LPLC2,left,loom,2
720575940628395797,LPLC2,left,loom,2
720575940628552247,LPLC2,left,loom,2
720575940628847164,LPLC2,left,loom,3
720575940628921303,LPLC2,left,loom,0
720575940628976956,LPLC2,left,loom,2
720575940629292785,LPLC2,left,loom,1
720575940629368015,LPLC2,left,loom,3
720575940630209603,LPLC2,left,loom,2
720575940630731847,LPLC2,left,loom,3
720575940630831185,LPLC2,left,loom,1
720575940631380695,LPLC2,left,loom,0
720575940632009167,LPLC2,left,loom,3
720575940632080146,LPLC2,left,loom,0
720575940632129848,LPLC2,left,loom,0
720575940632777124,LPLC2,left,loom,1
720575940632779932,LPLC2,left,loom,3
720575940634700980,LPLC2,left,loom,2
720575940635004271,LPLC2,left,loom,2
720575940635234478,LPLC2,left,loom,1
720575940635307639,LPLC2,left,loom,2
720575940635516084,LPLC2,left,loom,1
720575940636295019,LPLC2,left,loom,0
720575940636529520,LPLC2,left,loom,3
720575940638626118,LPLC2,left,loom,3
720575940638835288,LPLC2,left,loom,2
720575940639109795,LPLC2,left,loom,3
720575940639878352,LPLC2,left,loom,0
720575940639884878,LPLC2,left,loom,3
720575940639895003,LPLC2,left,loom,1
720575940640302389,LPLC2,left,loom,0
720575940641552347,LPLC2,left,loom,2
720575940641704656,LPLC2,left,loom,2
720575940642414837,LPLC2,left,loom,3
720575940643740964,LPLC2,left,loom,0
720575940645328436,LPLC2,left,loom,1
720575940645407268,LPLC2,left,loom,3
720575940647369507,LPLC2,left,loom,1
720575940648418425,LPLC2,left,loom,3
720575940653666465,LPLC2,left,loom,3
720575940655750305,LPLC2,left,loom,1
720575940605825666,LPLC2,right,loom,0
720575940606217138,LPLC2,right,loom,0
720575940606855554,LPLC2,right,loom,1
720575940607683011,LPLC2,right,loom,2
720575940609592674,LPLC2,right,loom,0
720575940610116757,LPLC2,right,loom,0
720575940610536290,LPLC2,right,loom,3
720575940610681829,LPLC2,right,loom,3
720575940610953651,LPLC2,right,loom,1
720575940611352234,LPLC2,right,loom,1
720575940611740569,LPLC2,right,loom,1
720575940612045352,LPLC2,right,loom,0
720575940612254701,LPLC2,right,loom,1
720575940612462307,LPLC2,right,loom,3
720575940612944382,LPLC2,right,loom,2
720575940612994929,LPLC2,right,loom,3
720575940613804906,LPLC2,right,loom,1
720575940613821290,LPLC2,right,loom,1
720575940614067167,LPLC2,right,loom,3
720575940614373279,LPLC2,right,loom,2
720575940614526974,LPLC2,right,loom,2
720575940615116731,LPLC2,right,loom,1
720575940615288203,LPLC2,right,loom,2
720575940615920453,LPLC2,right,loom,2
720575940615967377,LPLC2,right,loom,3
720575940616116697,LPLC2,right,loom,3
720575940616166685,LPLC2,right,loom,2
720575940616491993,LPLC2,right,loom,0
720575940616735489,LPLC2,right,loom,0
720575940618172509,LPLC2,right,loom,3
720575940618307046,LPLC2,right,loom,3
720575940618450496,LPLC2,right,loom,0
720575940618538641,LPLC2,right,loom,0
720575940618711535,LPLC2,right,loom,1
720575940619627934,LPLC2,right,loom,3
720575940619654149,LPLC2,right,loom,2
720575940620001718,LPLC2,right,loom,2
720575940620575476,LPLC2,right,loom,0
720575940620783180,LPLC2,right,loom,1
720575940620887834,LPLC2,right,loom,2
720575940621634913,LPLC2,right,loom,3
720575940622174463,LPLC2,right,loom,0
720575940622769159,LPLC2,right,loom,2
720575940622992205,LPLC2,right,loom,1
720575940623047629,LPLC2,right,loom,2
720575940623333770,LPLC2,right,loom,3
720575940623769783,LPLC2,right,loom,3
720575940624014524,LPLC2,right,loom,0
720575940624016778,LPLC2,right,loom,0
720575940624244922,LPLC2,right,loom,2
720575940624611002,LPLC2,right,loom,1
720575940624903064,LPLC2,right,loom,2
720575940624919077,LPLC2,right,loom,0
720575940624931530,LPLC2,right,loom,0
720575940625001735,LPLC2,right,loom,1
720575940625835278,LPLC2,right,loom,2
720575940626161930,LPLC2,right,loom,0
720575940626447848,LPLC2,right,loom,1
720575940626735016,LPLC2,right,loom,0
720575940626745392,LPLC2,right,loom,3
720575940626873000,LPLC2,right,loom,0
720575940627553923,LPLC2,right,loom,3
720575940627902979,LPLC2,right,loom,2
720575940628039034,LPLC2,right,loom,3
720575940628197892,LPLC2,right,loom,2
720575940628603842,LPLC2,right,loom,2
720575940628778058,LPLC2,right,loom,1
720575940628849668,LPLC2,right,loom,3
720575940628990214,LPLC2,right,loom,3
720575940629384271,LPLC2,right,loom,3
720575940629967703,LPLC2,right,loom,0
720575940630650936,LPLC2,right,loom,1
720575940630719831,LPLC2,right,loom,1
720575940631095158,LPLC2,right,loom,3
720575940631312428,LPLC2,right,loom,3
720575940631397549,LPLC2,right,loom,3
720575940631582751,LPLC2,right,loom,2
720575940631742405,LPLC2,right,loom,0
720575940632512226,LPLC2,right,loom,0
720575940632711052,LPLC2,right,loom,2
720575940633552685,LPLC2,right,loom,3
720575940633588320,LPLC2,right,loom,1
720575940634146967,LPLC2,right,loom,2
720575940635040357,LPLC2,right,loom,1
720575940635572592,LPLC2,right,loom,0
720575940636539102,LPLC2,right,loom,1
720575940636878682,LPLC2,right,loom,1
720575940636950505,LPLC2,right,loom,2
720575940636999401,LPLC2,right,loom,2
720575940637088602,LPLC2,right,loom,1
720575940637702222,LPLC2,right,loom,2
720575940637958709,LPLC2,right,loom,0
720575940638857048,LPLC2,right,loom,1
720575940638922624,LPLC2,right,loom,1
720575940639177449,LPLC2,right,loom,3
720575940640510427,LPLC2,right,loom,0
720575940642397128,LPLC2,right,loom,2
720575940645180196,LPLC2,right,loom,0
720575940645699124,LPLC2,right,loom,0
720575940647358243,LPLC2,right,loom,2
720575940653742753,LPLC2,right,loom,1
720575940661316993,LPLC2,right,loom,3
720575940631999685,H2,left,pan,-1
720575940632427603,H2,right,pan,-1
720575940629153020,HSE,left,pan,-1
720575940629148007,HSE,right,pan,-1
720575940628031249,HSN,left,pan,-1
720575940615933919,HSN,right,pan,-1
720575940622312965,HSS,left,pan,-1
720575940628743496,HSS,right,pan,-1
720575940626477498,VS1,left,scroll,-1
720575940619878961,VS1,right,scroll,-1
720575940640722851,VS2,left,scroll,-1
720575940613126835,VS2,right,scroll,-1
720575940622831740,VS3,left,scroll,-1
720575940641812699,VS3,right,scroll,-1
720575940624273919,VS4,left,scroll,-1
720575940659799937,VS4,right,scroll,-1
720575940626457406,VS5,left,scroll,-1
720575940639151694,VS5,right,scroll,-1
720575940647311651,VS6,left,scroll,-1
720575940626928521,VS6,right,scroll,-1
720575940624931564,VS7,left,scroll,-1
720575940618681709,VS7,right,scroll,-1
720575940633923298,VS8,left,scroll,-1
720575940636972400,VS8,right,scroll,-1
720575940603944672,LC9,left,bustle,1
720575940604922982,LC9,left,bustle,1
720575940606423170,LC9,left,bustle,0
720575940606521180,LC9,left,bustle,3
720575940608166101,LC9,left,bustle,1
720575940609454798,LC9,left,bustle,3
720575940612021475,LC9,left,bustle,1
720575940613370482,LC9,left,bustle,2
720575940613481330,LC9,left,bustle,3
720575940614766166,LC9,left,bustle,3
720575940614775238,LC9,left,bustle,0
720575940615012667,LC9,left,bustle,2
720575940615061906,LC9,left,bustle,3
720575940615238075,LC9,left,bustle,0
720575940615517813,LC9,left,bustle,2
720575940616215513,LC9,left,bustle,2
720575940616386449,LC9,left,bustle,3
720575940616522726,LC9,left,bustle,1
720575940616677121,LC9,left,bustle,1
720575940616721921,LC9,left,bustle,3
720575940617284283,LC9,left,bustle,1
720575940617432603,LC9,left,bustle,1
720575940617467485,LC9,left,bustle,1
720575940617978789,LC9,left,bustle,1
720575940618046292,LC9,left,bustle,1
720575940618930459,LC9,left,bustle,1
720575940619163045,LC9,left,bustle,1
720575940619529455,LC9,left,bustle,0
720575940619613422,LC9,left,bustle,0
720575940620130462,LC9,left,bustle,3
720575940620435158,LC9,left,bustle,3
720575940620542746,LC9,left,bustle,0
720575940620696280,LC9,left,bustle,3
720575940620821333,LC9,left,bustle,0
720575940620827425,LC9,left,bustle,0
720575940620982049,LC9,left,bustle,2
720575940621440862,LC9,left,bustle,0
720575940621585903,LC9,left,bustle,1
720575940622162456,LC9,left,bustle,0
720575940622341354,LC9,left,bustle,1
720575940622345215,LC9,left,bustle,0
720575940622457235,LC9,left,bustle,2
720575940622964477,LC9,left,bustle,2
720575940623047438,LC9,left,bustle,2
720575940623073205,LC9,left,bustle,0
720575940624319880,LC9,left,bustle,2
720575940624330254,LC9,left,bustle,0
720575940624624176,LC9,left,bustle,1
720575940625045837,LC9,left,bustle,0
720575940625390979,LC9,left,bustle,2
720575940625746709,LC9,left,bustle,2
720575940625809816,LC9,left,bustle,3
720575940626005641,LC9,left,bustle,0
720575940626475858,LC9,left,bustle,0
720575940626566931,LC9,left,bustle,0
720575940626594447,LC9,left,bustle,1
720575940626803624,LC9,left,bustle,3
720575940627180618,LC9,left,bustle,3
720575940628261873,LC9,left,bustle,0
720575940628858954,LC9,left,bustle,3
720575940628875902,LC9,left,bustle,3
720575940628908375,LC9,left,bustle,2
720575940629419594,LC9,left,bustle,3
720575940629594839,LC9,left,bustle,2
720575940630162755,LC9,left,bustle,3
720575940630247243,LC9,left,bustle,3
720575940631148113,LC9,left,bustle,2
720575940631379449,LC9,left,bustle,1
720575940631711225,LC9,left,bustle,1
720575940632214497,LC9,left,bustle,3
720575940632949807,LC9,left,bustle,1
720575940634073825,LC9,left,bustle,3
720575940634186647,LC9,left,bustle,0
720575940635294309,LC9,left,bustle,2
720575940636760292,LC9,left,bustle,3
720575940639459280,LC9,left,bustle,0
720575940642959895,LC9,left,bustle,2
720575940642995360,LC9,left,bustle,1
720575940643039255,LC9,left,bustle,2
720575940644095511,LC9,left,bustle,2
720575940644686388,LC9,left,bustle,2
720575940644843118,LC9,left,bustle,2
720575940645023268,LC9,left,bustle,1
720575940647603252,LC9,left,bustle,0
720575940648290937,LC9,left,bustle,0
720575940652785057,LC9,left,bustle,2
720575940661191041,LC9,left,bustle,2
720575940604681830,LC9,right,bustle,0
720575940605020337,LC9,right,bustle,0
720575940605318880,LC9,right,bustle,1
720575940607313756,LC9,right,bustle,1
720575940607839189,LC9,right,bustle,3
720575940609860803,LC9,right,bustle,1
720575940610002033,LC9,right,bustle,1
720575940610230738,LC9,right,bustle,0
720575940612224943,LC9,right,bustle,2
720575940612258513,LC9,right,bustle,1
720575940612354983,LC9,right,bustle,3
720575940612617453,LC9,right,bustle,0
720575940612627106,LC9,right,bustle,2
720575940612942442,LC9,right,bustle,1
720575940614135739,LC9,right,bustle,0
720575940614303890,LC9,right,bustle,1
720575940615480281,LC9,right,bustle,0
720575940615893249,LC9,right,bustle,0
720575940616204059,LC9,right,bustle,2
720575940616492096,LC9,right,bustle,3
720575940617486552,LC9,right,bustle,3
720575940617836117,LC9,right,bustle,2
720575940617878869,LC9,right,bustle,3
720575940617922097,LC9,right,bustle,1
720575940618541995,LC9,right,bustle,3
720575940618735105,LC9,right,bustle,2
720575940619410671,LC9,right,bustle,2
720575940619434432,LC9,right,bustle,1
720575940619601392,LC9,right,bustle,1
720575940619643190,LC9,right,bustle,0
720575940619676654,LC9,right,bustle,2
720575940619719668,LC9,right,bustle,3
720575940619788276,LC9,right,bustle,1
720575940620178299,LC9,right,bustle,0
720575940621001485,LC9,right,bustle,0
720575940621352447,LC9,right,bustle,0
720575940621415382,LC9,right,bustle,2
720575940621506451,LC9,right,bustle,1
720575940622008230,LC9,right,bustle,3
720575940622285183,LC9,right,bustle,2
720575940624069578,LC9,right,bustle,1
720575940624070090,LC9,right,bustle,0
720575940624273508,LC9,right,bustle,3
720575940624339652,LC9,right,bustle,2
720575940624740185,LC9,right,bustle,1
720575940624856112,LC9,right,bustle,3
720575940625127728,LC9,right,bustle,2
720575940625232009,LC9,right,bustle,3
720575940625772943,LC9,right,bustle,2
720575940625777941,LC9,right,bustle,0
720575940625971204,LC9,right,bustle,0
720575940626397258,LC9,right,bustle,3
720575940626451081,LC9,right,bustle,1
720575940626456330,LC9,right,bustle,0
720575940626613609,LC9,right,bustle,3
720575940627814281,LC9,right,bustle,2
720575940627841730,LC9,right,bustle,2
720575940628237415,LC9,right,bustle,3
720575940628337103,LC9,right,bustle,0
720575940628347722,LC9,right,bustle,1
720575940628654927,LC9,right,bustle,0
720575940628679887,LC9,right,bustle,2
720575940628889551,LC9,right,bustle,3
720575940628972332,LC9,right,bustle,2
720575940629300242,LC9,right,bustle,0
720575940629549049,LC9,right,bustle,2
720575940629791275,LC9,right,bustle,2
720575940630642861,LC9,right,bustle,2
720575940630788772,LC9,right,bustle,3
720575940630865197,LC9,right,bustle,0
720575940631199744,LC9,right,bustle,3
720575940631357651,LC9,right,bustle,1
720575940631486163,LC9,right,bustle,0
720575940632603873,LC9,right,bustle,2
720575940632619880,LC9,right,bustle,0
720575940634140011,LC9,right,bustle,1
720575940634336887,LC9,right,bustle,0
720575940634545400,LC9,right,bustle,0
720575940635224943,LC9,right,bustle,2
720575940635376052,LC9,right,bustle,3
720575940635689370,LC9,right,bustle,3
720575940635703262,LC9,right,bustle,2
720575940635970446,LC9,right,bustle,3
720575940635986522,LC9,right,bustle,3
720575940636056895,LC9,right,bustle,2
720575940636759386,LC9,right,bustle,1
720575940637379517,LC9,right,bustle,1
720575940638793304,LC9,right,bustle,1
720575940638976233,LC9,right,bustle,1
720575940639201269,LC9,right,bustle,3
720575940650416249,LC9,right,bustle,1
720575940658141057,LC9,right,bustle,3
720575940611875570,LB3,left,taste,-1
720575940612670570,LB3,left,taste,-1
720575940616885538,LB3,left,taste,-1
720575940617000768,LB3,left,taste,-1
720575940617937543,LB3,left,taste,-1
720575940621502051,LB3,left,taste,-1
720575940621754367,LB3,left,taste,-1
720575940624963786,LB3,left,taste,-1
720575940628853239,LB3,left,taste,-1
720575940629176663,LB3,left,taste,-1
720575940630233916,LB3,left,taste,-1
720575940630797113,LB3,left,taste,-1
720575940632425919,LB3,left,taste,-1
720575940632889389,LB3,left,taste,-1
720575940633143833,LB3,left,taste,-1
720575940637568838,LB3,left,taste,-1
720575940638202345,LB3,left,taste,-1
720575940639198653,LB3,left,taste,-1
720575940639259967,LB3,left,taste,-1
720575940639332736,LB3,left,taste,-1
720575940640649691,LB3,left,taste,-1
720575940627787609,DNa01,left,readout:descending,-1
720575940644438551,DNa01,right,readout:descending,-1
720575940629327659,DNa02,left,readout:descending,-1
720575940604737708,DNa02,right,readout:descending,-1
720575940620918789,DNa03,left,readout:descending,-1
720575940630085583,DNa03,right,readout:descending,-1
720575940628577897,DNa04,left,readout:descending,-1
720575940627432680,DNa04,right,readout:descending,-1
720575940620534768,DNa05,left,readout:descending,-1
720575940623062515,DNa05,right,readout:descending,-1
720575940624986919,DNa06,left,readout:descending,-1
720575940640325429,DNa06,right,readout:descending,-1
720575940637101413,DNa07,left,readout:descending,-1
720575940633727339,DNa07,right,readout:descending,-1
720575940631498563,DNa08,left,readout:descending,-1
720575940625090314,DNa08,right,readout:descending,-1
720575940634140883,DNa09,left,readout:descending,-1
720575940620711334,DNa09,right,readout:descending,-1
720575940623468691,DNa10,left,readout:descending,-1
720575940627946261,DNa10,right,readout:descending,-1
720575940611735514,DNa11,left,readout:descending,-1
720575940623019544,DNa11,right,readout:descending,-1
720575940613408552,DNa13,left,readout:descending,-1
720575940616286175,DNa13,left,readout:descending,-1
720575940625502666,DNa13,right,readout:descending,-1
720575940637607646,DNa13,right,readout:descending,-1
720575940620823828,DNa14,left,readout:descending,-1
720575940637608560,DNa14,right,readout:descending,-1
720575940631759663,DNa15,left,readout:descending,-1
720575940609488942,DNa15,right,readout:descending,-1
720575940632962786,DNa16,left,readout:descending,-1
720575940621519130,DNa16,right,readout:descending,-1
720575940618167579,DNae001,left,readout:descending,-1
720575940626328707,DNae001,right,readout:descending,-1
720575940627139530,DNae002,left,readout:descending,-1
720575940620380449,DNae002,right,readout:descending,-1
720575940634253281,DNae003,left,readout:descending,-1
720575940622204186,DNae003,right,readout:descending,-1
720575940603591014,DNae004,left,readout:descending,-1
720575940641276917,DNae004,right,readout:descending,-1
720575940609097429,DNae005,left,readout:descending,-1
720575940614403178,DNae005,right,readout:descending,-1
720575940614348438,DNae006,left,readout:descending,-1
720575940625573322,DNae006,right,readout:descending,-1
720575940630607738,DNae007,left,readout:descending,-1
720575940615043222,DNae007,right,readout:descending,-1
720575940625094325,DNae008,left,readout:descending,-1
720575940624874983,DNae008,right,readout:descending,-1
720575940620322497,DNae009,left,readout:descending,-1
720575940636454136,DNae009,right,readout:descending,-1
720575940651341558,DNae010,left,readout:descending,-1
720575940630868281,DNae010,right,readout:descending,-1
720575940625878160,DNb01,left,readout:descending,-1
720575940630758418,DNb01,right,readout:descending,-1
720575940616936226,DNb02,left,readout:descending,-1
720575940618156829,DNb02,left,readout:descending,-1
720575940622540899,DNb02,right,readout:descending,-1
720575940646753412,DNb02,right,readout:descending,-1
720575940620776880,DNb03,left,readout:descending,-1
720575940634163682,DNb03,left,readout:descending,-1
720575940611016910,DNb03,right,readout:descending,-1
720575940627997050,DNb03,right,readout:descending,-1
720575940619582168,DNb04,left,readout:descending,-1
720575940613717138,DNb04,right,readout:descending,-1
720575940621226484,DNb04,right,readout:descending,-1
720575940628352850,DNb05,left,readout:descending,-1
720575940629461442,DNb05,right,readout:descending,-1
720575940637308605,DNb06,left,readout:descending,-1
720575940629041879,DNb06,right,readout:descending,-1
720575940613088426,DNb07,left,readout:descending,-1
720575940623938823,DNb07,right,readout:descending,-1
720575940630334658,DNb08,left,readout:descending,-1
720575940642549467,DNb08,left,readout:descending,-1
720575940621068464,DNb08,right,readout:descending,-1
720575940634459290,DNb08,right,readout:descending,-1
720575940616826380,DNb09,left,readout:descending,-1
720575940648636292,DNb09,right,readout:descending,-1
720575940632868051,DNbe001,left,readout:descending,-1
720575940632539788,DNbe001,right,readout:descending,-1
720575940621119061,DNbe002,left,readout:descending,-1
720575940653614838,DNbe002,left,readout:descending,-1
720575940619116061,DNbe002,right,readout:descending,-1
720575940622321110,DNbe002,right,readout:descending,-1
720575940617917396,DNbe003,left,readout:descending,-1
720575940628627867,DNbe003,right,readout:descending,-1
720575940627731599,DNbe004,left,readout:descending,-1
720575940653310198,DNbe004,right,readout:descending,-1
720575940613358450,DNbe005,left,readout:descending,-1
720575940625558730,DNbe005,right,readout:descending,-1
720575940624982823,DNbe006,left,readout:descending,-1
720575940608402524,DNbe006,right,readout:descending,-1
720575940644494752,DNbe007,left,readout:descending,-1
720575940629502251,DNbe007,right,readout:descending,-1
720575940632991815,DNc01,left,readout:descending,-1
720575940615607207,DNc01,right,readout:descending,-1
720575940618203707,DNc02,left,readout:descending,-1
720575940625733351,DNc02,right,readout:descending,-1
720575940621388453,DNd02,left,readout:descending,-1
720575940627771279,DNd02,right,readout:descending,-1
720575940627482114,DNd03,left,readout:descending,-1
720575940614660263,DNd03,right,readout:descending,-1
720575940629412170,DNd04,left,readout:descending,-1
720575940619945931,DNd04,right,readout:descending,-1
720575940631333195,DNd05,left,readout:descending,-1
720575940629736720,DNd05,right,readout:descending,-1
720575940645537902,DNde001,left,readout:descending,-1
720575940620749807,DNde001,right,readout:descending,-1
720575940629812346,DNde002,left,readout:descending,-1
720575940639170723,DNde002,right,readout:descending,-1
720575940621392086,DNde003,left,readout:descending,-1
720575940623110123,DNde003,left,readout:descending,-1
720575940625718053,DNde003,right,readout:descending,-1
720575940629064186,DNde003,right,readout:descending,-1
720575940627368723,DNde005,left,readout:descending,-1
720575940623385894,DNde005,right,readout:descending,-1
720575940613307033,DNde006,left,readout:descending,-1
720575940625006776,DNde006,right,readout:descending,-1
720575940623068841,DNde007,left,readout:descending,-1
720575940624459907,DNde007,right,readout:descending,-1
720575940608838958,DNg01,left,readout:descending,-1
720575940618182480,DNg01,left,readout:descending,-1
720575940634864026,DNg01,left,readout:descending,-1
720575940637660733,DNg01,left,readout:descending,-1
720575940612804862,DNg01,right,readout:descending,-1
720575940621909739,DNg01,right,readout:descending,-1
720575940622925972,DNg01,right,readout:descending,-1
720575940624229925,DNg01,right,readout:descending,-1
720575940612014131,DNg02_a,left,readout:descending,-1
720575940630289804,DNg02_a,left,readout:descending,-1
720575940639201443,DNg02_a,left,readout:descending,-1
720575940610863310,DNg02_a,right,readout:descending,-1
720575940612804606,DNg02_a,right,readout:descending,-1
720575940632573887,DNg02_a,right,readout:descending,-1
720575940613668620,DNg02_b,left,readout:descending,-1
720575940613793170,DNg02_b,left,readout:descending,-1
720575940622681864,DNg02_b,left,readout:descending,-1
720575940626904219,DNg02_b,left,readout:descending,-1
720575940617498507,DNg02_b,right,readout:descending,-1
720575940627414887,DNg02_b,right,readout:descending,-1
720575940647964281,DNg02_b,right,readout:descending,-1
720575940622042603,DNg02_c,left,readout:descending,-1
720575940625144061,DNg02_c,right,readout:descending,-1
720575940641305229,DNg02_d,left,readout:descending,-1
720575940630492714,DNg02_d,right,readout:descending,-1
720575940628942586,DNg02_e,left,readout:descending,-1
720575940625482954,DNg02_e,right,readout:descending,-1
720575940626278129,DNg02_f,left,readout:descending,-1
720575940622910188,DNg02_f,right,readout:descending,-1
720575940627850622,DNg02_g,left,readout:descending,-1
720575940617922439,DNg02_g,right,readout:descending,-1
720575940626377349,DNg02_h,left,readout:descending,-1
720575940615679282,DNg02_h,right,readout:descending,-1
720575940620328828,DNg03,left,readout:descending,-1
720575940628800207,DNg03,left,readout:descending,-1
720575940632409130,DNg03,left,readout:descending,-1
720575940636254810,DNg03,left,readout:descending,-1
720575940653053601,DNg03,left,readout:descending,-1
720575940613998860,DNg03,right,readout:descending,-1
720575940615899622,DNg03,right,readout:descending,-1
720575940623222712,DNg03,right,readout:descending,-1
720575940625963432,DNg03,right,readout:descending,-1
720575940642027464,DNg03,right,readout:descending,-1
720575940624082931,DNg04,left,readout:descending,-1
720575940643817888,DNg04,left,readout:descending,-1
720575940621325034,DNg04,right,readout:descending,-1
720575940624968013,DNg04,right,readout:descending,-1
720575940609589443,DNg05_a,left,readout:descending,-1
720575940627731176,DNg05_a,right,readout:descending,-1
720575940619074836,DNg05_b,left,readout:descending,-1
720575940620404182,DNg05_b,left,readout:descending,-1
720575940622347784,DNg05_b,left,readout:descending,-1
720575940612922851,DNg05_b,right,readout:descending,-1
720575940625550398,DNg05_b,right,readout:descending,-1
720575940627003179,DNg05_b,right,readout:descending,-1
720575940612698287,DNg06,left,readout:descending,-1
720575940614840715,DNg06,left,readout:descending,-1
720575940618440943,DNg06,left,readout:descending,-1
720575940619928346,DNg06,left,readout:descending,-1
720575940633543531,DNg06,left,readout:descending,-1
720575940615957663,DNg06,right,readout:descending,-1
720575940618698411,DNg06,right,readout:descending,-1
720575940618876830,DNg06,right,readout:descending,-1
720575940633041503,DNg06,right,readout:descending,-1
720575940637424547,DNg06,right,readout:descending,-1
720575940639353552,DNg06,right,readout:descending,-1
720575940611308181,DNg07,left,readout:descending,-1
720575940612429714,DNg07,left,readout:descending,-1
720575940615453182,DNg07,left,readout:descending,-1
720575940621572890,DNg07,left,readout:descending,-1
720575940626729295,DNg07,left,readout:descending,-1
720575940626745987,DNg07,left,readout:descending,-1
720575940628252751,DNg07,left,readout:descending,-1
720575940629956695,DNg07,left,readout:descending,-1
720575940612288947,DNg07,right,readout:descending,-1
720575940614181585,DNg07,right,readout:descending,-1
720575940621339713,DNg07,right,readout:descending,-1
720575940625426469,DNg07,right,readout:descending,-1
720575940626027752,DNg07,right,readout:descending,-1
720575940639539840,DNg07,right,readout:descending,-1
720575940644801060,DNg07,right,readout:descending,-1
720575940647478148,DNg07,right,readout:descending,-1
720575940608076739,DNg08_a,left,readout:descending,-1
720575940616401467,DNg08_a,left,readout:descending,-1
720575940618051801,DNg08_a,left,readout:descending,-1
720575940623033532,DNg08_a,left,readout:descending,-1
720575940626732776,DNg08_a,left,readout:descending,-1
720575940636761926,DNg08_a,left,readout:descending,-1
720575940637667443,DNg08_a,left,readout:descending,-1
720575940616688286,DNg08_a,right,readout:descending,-1
720575940621471157,DNg08_a,right,readout:descending,-1
720575940624131913,DNg08_a,right,readout:descending,-1
720575940624748419,DNg08_a,right,readout:descending,-1
720575940625376062,DNg08_a,right,readout:descending,-1
720575940630682618,DNg08_a,right,readout:descending,-1
720575940635564896,DNg08_a,right,readout:descending,-1
720575940618818395,DNg08_b,left,readout:descending,-1
720575940631593753,DNg08_b,left,readout:descending,-1
720575940631973207,DNg08_b,left,readout:descending,-1
720575940632458514,DNg08_b,left,readout:descending,-1
720575940621274845,DNg08_b,right,readout:descending,-1
720575940622760269,DNg08_b,right,readout:descending,-1
720575940632339425,DNg08_b,right,readout:descending,-1
720575940640194493,DNg08_b,right,readout:descending,-1
720575940621586473,DNg09,left,readout:descending,-1
720575940627799802,DNg09,left,readout:descending,-1
720575940630297292,DNg09,left,readout:descending,-1
720575940634207087,DNg09,left,readout:descending,-1
720575940626877639,DNg09,right,readout:descending,-1
720575940629472298,DNg09,right,readout:descending,-1
720575940629742718,DNg09,right,readout:descending,-1
720575940631829059,DNg09,right,readout:descending,-1
720575940617689816,DNg10,left,readout:descending,-1
720575940624234242,DNg10,left,readout:descending,-1
720575940626639259,DNg10,left,readout:descending,-1
720575940629369642,DNg10,left,readout:descending,-1
720575940660224385,DNg10,left,readout:descending,-1
720575940612805118,DNg10,right,readout:descending,-1
720575940616935838,DNg10,right,readout:descending,-1
720575940619944513,DNg10,right,readout:descending,-1
720575940620564673,DNg10,right,readout:descending,-1
720575940620595883,DNg10,right,readout:descending,-1
720575940627303699,DNg10,right,readout:descending,-1
720575940631855663,DNg10,right,readout:descending,-1
720575940640978048,DNg100,left,readout:descending,-1
720575940647228468,DNg100,right,readout:descending,-1
720575940621246068,DNg101,left,readout:descending,-1
720575940614089726,DNg101,right,readout:descending,-1
720575940624877360,DNg102,left,readout:descending,-1
720575940640316238,DNg102,left,readout:descending,-1
720575940621626394,DNg102,right,readout:descending,-1
720575940630480348,DNg102,right,readout:descending,-1
720575940635179871,DNg103,left,readout:descending,-1
720575940606866377,DNg103,right,readout:descending,-1
720575940631282194,DNg104,left,readout:descending,-1
720575940623503318,DNg104,right,readout:descending,-1
720575940624897516,DNg105,left,readout:descending,-1
720575940647029044,DNg105,right,readout:descending,-1
720575940613816062,DNg106,left,readout:descending,-1
720575940617035153,DNg106,left,readout:descending,-1
720575940620929483,DNg106,left,readout:descending,-1
720575940630059087,DNg106,left,readout:descending,-1
720575940639705077,DNg106,left,readout:descending,-1
720575940660269185,DNg106,left,readout:descending,-1
720575940615898730,DNg106,right,readout:descending,-1
720575940622878719,DNg106,right,readout:descending,-1
720575940625937340,DNg106,right,readout:descending,-1
720575940626799920,DNg106,right,readout:descending,-1
720575940626936324,DNg106,right,readout:descending,-1
720575940628467830,DNg106,right,readout:descending,-1
720575940629438508,DNg106,right,readout:descending,-1
720575940631889965,DNg106,right,readout:descending,-1
720575940629486075,DNg107,left,readout:descending,-1
720575940633781217,DNg107,right,readout:descending,-1
720575940627015196,DNg108,left,readout:descending,-1
720575940632043576,DNg108,right,readout:descending,-1
720575940625863728,DNg109,left,readout:descending,-1
720575940631545960,DNg109,right,readout:descending,-1
720575940609366648,DNg11,left,readout:descending,-1
720575940618827910,DNg11,left,readout:descending,-1
720575940625573653,DNg11,left,readout:descending,-1
720575940621817326,DNg11,right,readout:descending,-1
720575940631090402,DNg11,right,readout:descending,-1
720575940644740256,DNg11,right,readout:descending,-1
720575940610348458,DNg110,left,readout:descending,-1
720575940626088835,DNg110,left,readout:descending,-1
720575940627021349,DNg110,left,readout:descending,-1
720575940623491987,DNg110,right,readout:descending,-1
720575940635222640,DNg110,right,readout:descending,-1
720575940656144289,DNg110,right,readout:descending,-1
720575940631705130,DNg111,left,readout:descending,-1
720575940611981029,DNg111,right,readout:descending,-1
720575940617074393,DNg12_a,left,readout:descending,-1
720575940624394498,DNg12_a,left,readout:descending,-1
720575940625872688,DNg12_a,left,readout:descending,-1
720575940642926702,DNg12_a,left,readout:descending,-1
720575940611939290,DNg12_a,right,readout:descending,-1
720575940615958203,DNg12_a,right,readout:descending,-1
720575940619751872,DNg12_a,right,readout:descending,-1
720575940631987364,DNg12_a,right,readout:descending,-1
720575940608960722,DNg12_b,left,readout:descending,-1
720575940611700520,DNg12_b,left,readout:descending,-1
720575940615623051,DNg12_b,left,readout:descending,-1
720575940617993607,DNg12_b,left,readout:descending,-1
720575940618147520,DNg12_b,left,readout:descending,-1
720575940618762605,DNg12_b,left,readout:descending,-1
720575940619524852,DNg12_b,left,readout:descending,-1
720575940625422609,DNg12_b,left,readout:descending,-1
720575940632698541,DNg12_b,left,readout:descending,-1
720575940617390641,DNg12_b,right,readout:descending,-1
720575940620149836,DNg12_b,right,readout:descending,-1
720575940621640885,DNg12_b,right,readout:descending,-1
720575940625253649,DNg12_b,right,readout:descending,-1
720575940626834698,DNg12_b,right,readout:descending,-1
720575940628241628,DNg12_b,right,readout:descending,-1
720575940631108559,DNg12_b,right,readout:descending,-1
720575940631518582,DNg12_b,right,readout:descending,-1
720575940638810677,DNg12_b,right,readout:descending,-1
720575940612019825,DNg12_c,left,readout:descending,-1
720575940622797244,DNg12_c,left,readout:descending,-1
720575940635175263,DNg12_c,left,readout:descending,-1
720575940617554577,DNg12_c,right,readout:descending,-1
720575940627417619,DNg12_c,right,readout:descending,-1
720575940645032580,DNg12_c,right,readout:descending,-1
720575940637501784,DNg12_d,left,readout:descending,-1
720575940626399588,DNg12_d,right,readout:descending,-1
720575940612427670,DNg12_e,left,readout:descending,-1
720575940621767306,DNg12_e,left,readout:descending,-1
720575940627500279,DNg12_e,left,readout:descending,-1
720575940627814522,DNg12_e,left,readout:descending,-1
720575940605282406,DNg12_e,right,readout:descending,-1
720575940614588778,DNg12_e,right,readout:descending,-1
720575940626527055,DNg12_e,right,readout:descending,-1
720575940641781133,DNg12_e,right,readout:descending,-1
720575940616471052,DNg13,left,readout:descending,-1
720575940606112940,DNg13,right,readout:descending,-1
720575940624280066,DNg14,left,readout:descending,-1
720575940609260494,DNg14,right,readout:descending,-1
720575940627825923,DNg15,left,readout:descending,-1
720575940625870640,DNg15,right,readout:descending,-1
720575940645047831,DNg16,left,readout:descending,-1
720575940641480949,DNg16,right,readout:descending,-1
720575940613535554,DNg17,left,readout:descending,-1
720575940614384757,DNg17,right,readout:descending,-1
720575940621021278,DNg18_a,left,readout:descending,-1
720575940659703937,DNg18_a,right,readout:descending,-1
720575940620632369,DNg18_b,left,readout:descending,-1
720575940622352764,DNg18_b,left,readout:descending,-1
720575940630712493,DNg18_b,left,readout:descending,-1
720575940609844117,DNg18_b,right,readout:descending,-1
720575940631498925,DNg18_b,right,readout:descending,-1
720575940634599615,DNg18_b,right,readout:descending,-1
720575940625353736,DNg19,left,readout:descending,-1
720575940643837988,DNg19,right,readout:descending,-1
720575940637648485,DNg20,left,readout:descending,-1
720575940633771745,DNg20,right,readout:descending,-1
720575940634229871,DNg21,left,readout:descending,-1
720575940612376805,DNg21,right,readout:descending,-1
720575940621566844,DNg22,left,readout:descending,-1
720575940628030440,DNg22,right,readout:descending,-1
720575940630054735,DNg23,left,readout:descending,-1
720575940615505406,DNg23,right,readout:descending,-1
720575940624750480,DNg24,left,readout:descending,-1
720575940639118926,DNg24,right,readout:descending,-1
720575940625047479,DNg26,left,readout:descending,-1
720575940630274459,DNg26,left,readout:descending,-1
720575940605300140,DNg26,right,readout:descending,-1
720575940610610841,DNg26,right,readout:descending,-1
720575940619757366,DNg27,left,readout:descending,-1
720575940644666660,DNg27,right,readout:descending,-1
720575940621667693,DNg28,left,readout:descending,-1
720575940630665210,DNg28,left,readout:descending,-1
720575940610173048,DNg28,right,readout:descending,-1
720575940630980559,DNg28,right,readout:descending,-1
720575940622579967,DNg29,left,readout:descending,-1
720575940607761244,DNg29,right,readout:descending,-1
720575940631270162,DNg30,left,readout:descending,-1
720575940623446860,DNg30,right,readout:descending,-1
720575940632722771,DNg31,left,readout:descending,-1
720575940660229505,DNg31,right,readout:descending,-1
720575940642545883,DNg32,left,readout:descending,-1
720575940609948514,DNg32,right,readout:descending,-1
720575940618666142,DNg33,left,readout:descending,-1
720575940630244060,DNg33,right,readout:descending,-1
720575940620543025,DNg34,left,readout:descending,-1
720575940644751652,DNg34,right,readout:descending,-1
720575940618574749,DNg35,left,readout:descending,-1
720575940629805950,DNg35,right,readout:descending,-1
720575940626663994,DNg36_a,left,readout:descending,-1
720575940639159029,DNg36_a,left,readout:descending,-1
720575940622929193,DNg36_a,right,readout:descending,-1
720575940614478658,DNg36_b,left,readout:descending,-1
720575940621700789,DNg36_b,left,readout:descending,-1
720575940625396252,DNg36_b,left,readout:descending,-1
720575940617296699,DNg36_b,right,readout:descending,-1
720575940621304004,DNg36_b,right,readout:descending,-1
720575940623128269,DNg37,left,readout:descending,-1
720575940624333802,DNg37,right,readout:descending,-1
720575940613929391,DNg38,left,readout:descending,-1
720575940608735241,DNg38,right,readout:descending,-1
720575940616376287,DNg39,left,readout:descending,-1
720575940634915691,DNg39,right,readout:descending,-1
720575940626901136,DNg40,left,readout:descending,-1
720575940622996579,DNg40,right,readout:descending,-1
720575940636329579,DNg41,left,readout:descending,-1
720575940622037926,DNg41,right,readout:descending,-1
720575940624448956,DNg42,left,readout:descending,-1
720575940621336852,DNg42,right,readout:descending,-1
720575940611772083,DNg43,left,readout:descending,-1
720575940614187006,DNg43,right,readout:descending,-1
720575940614186449,DNg44,left,readout:descending,-1
720575940628844712,DNg44,right,readout:descending,-1
720575940627732423,DNg45,left,readout:descending,-1
720575940622486644,DNg45,right,readout:descending,-1
720575940638664355,DNg46,left,readout:descending,-1
720575940615108714,DNg46,right,readout:descending,-1
720575940627812168,DNg47,left,readout:descending,-1
720575940631629160,DNg47,right,readout:descending,-1
720575940633228172,DNg48,left,readout:descending,-1
720575940628225167,DNg48,right,readout:descending,-1
720575940632307025,DNg49,left,readout:descending,-1
720575940631299855,DNg49,right,readout:descending,-1
720575940619744496,DNg50,left,readout:descending,-1
720575940620760692,DNg50,right,readout:descending,-1
720575940629521655,DNg51,left,readout:descending,-1
720575940639159797,DNg51,left,readout:descending,-1
720575940617663093,DNg51,right,readout:descending,-1
720575940635587064,DNg51,right,readout:descending,-1
720575940624967463,DNg52,left,readout:descending,-1
720575940641832333,DNg52,left,readout:descending,-1
720575940628881576,DNg52,right,readout:descending,-1
720575940630808591,DNg52,right,readout:descending,-1
720575940633995181,DNg53,left,readout:descending,-1
720575940620470976,DNg53,right,readout:descending,-1
720575940618514043,DNg54,left,readout:descending,-1
720575940648188548,DNg54,right,readout:descending,-1
720575940622010373,DNg55,center,readout:descending,-1
720575940604783136,DNg56,left,readout:descending,-1
720575940649809273,DNg56,right,readout:descending,-1
720575940634617952,DNg57,left,readout:descending,-1
720575940632634532,DNg57,right,readout:descending,-1
720575940611225237,DNg58,left,readout:descending,-1
720575940615030568,DNg58,right,readout:descending,-1
720575940622067165,DNg59,left,readout:descending,-1
720575940620169607,DNg59,right,readout:descending,-1
720575940631168057,DNg60,left,readout:descending,-1
720575940635166571,DNg60,right,readout:descending,-1
720575940647560500,DNg61,left,readout:descending,-1
720575940617031385,DNg61,right,readout:descending,-1
720575940624319124,DNg62,left,readout:descending,-1
720575940616185531,DNg62,right,readout:descending,-1
720575940612692889,DNg63,left,readout:descending,-1
720575940604470956,DNg63,right,readout:descending,-1
720575940632632607,DNg64,left,readout:descending,-1
720575940621947653,DNg64,right,readout:descending,-1
720575940628659305,DNg65,left,readout:descending,-1
720575940611756723,DNg65,right,readout:descending,-1
720575940630956345,DNg66,center,readout:descending,-1
720575940612648106,DNg67,left,readout:descending,-1
720575940632877869,DNg67,right,readout:descending,-1
720575940629543409,DNg68,left,readout:descending,-1
720575940630808827,DNg68,right,readout:descending,-1
720575940628387663,DNg69,left,readout:descending,-1
720575940634903915,DNg69,right,readout:descending,-1
720575940632407826,DNg70,left,readout:descending,-1
720575940632524559,DNg70,right,readout:descending,-1
720575940626524702,DNg71,left,readout:descending,-1
720575940622160560,DNg71,right,readout:descending,-1
720575940615323298,DNg72,left,readout:descending,-1
720575940627366675,DNg72,left,readout:descending,-1
720575940626179614,DNg72,right,readout:descending,-1
720575940636029807,DNg72,right,readout:descending,-1
720575940623426854,DNg73,left,readout:descending,-1
720575940641833869,DNg73,right,readout:descending,-1
720575940633529548,DNg74_a,left,readout:descending,-1
720575940622500172,DNg74_a,right,readout:descending,-1
720575940636656632,DNg74_b,left,readout:descending,-1
720575940627087646,DNg74_b,right,readout:descending,-1
720575940614730914,DNg75,left,readout:descending,-1
720575940612603289,DNg75,right,readout:descending,-1
720575940605950496,DNg76,left,readout:descending,-1
720575940620622708,DNg76,right,readout:descending,-1
720575940625815562,DNg77,left,readout:descending,-1
720575940631643532,DNg77,right,readout:descending,-1
720575940611956197,DNg78,left,readout:descending,-1
720575940606342089,DNg78,right,readout:descending,-1
720575940622537653,DNg79,left,readout:descending,-1
720575940627210568,DNg79,left,readout:descending,-1
720575940611735002,DNg79,right,readout:descending,-1
720575940627538434,DNg79,right,readout:descending,-1
720575940630697078,DNg80,left,readout:descending,-1
720575940631110095,DNg80,right,readout:descending,-1
720575940645556334,DNg81,left,readout:descending,-1
720575940629012227,DNg81,right,readout:descending,-1
720575940614843275,DNg82,left,readout:descending,-1
720575940638623165,DNg82,left,readout:descending,-1
720575940627691458,DNg82,right,readout:descending,-1
720575940628582607,DNg82,right,readout:descending,-1
720575940626816062,DNg83,left,readout:descending,-1
720575940615378399,DNg83,right,readout:descending,-1
720575940644473760,DNg84,left,readout:descending,-1
720575940639152361,DNg84,right,readout:descending,-1
720575940621628582,DNg85,left,readout:descending,-1
720575940626295396,DNg85,right,readout:descending,-1
720575940617290043,DNg86,left,readout:descending,-1
720575940631549202,DNg86,right,readout:descending,-1
720575940628125715,DNg87,left,readout:descending,-1
720575940627828552,DNg87,right,readout:descending,-1
720575940621065301,DNg88,left,readout:descending,-1
720575940623355114,DNg88,right,readout:descending,-1
720575940638109668,DNg89,left,readout:descending,-1
720575940618658974,DNg89,right,readout:descending,-1
720575940610231509,DNg90,left,readout:descending,-1
720575940605513649,DNg90,right,readout:descending,-1
720575940635701655,DNg91,left,readout:descending,-1
720575940622594186,DNg91,right,readout:descending,-1
720575940611462885,DNg92_a,left,readout:descending,-1
720575940625345584,DNg92_a,left,readout:descending,-1
720575940625314058,DNg92_a,right,readout:descending,-1
720575940628397138,DNg92_a,right,readout:descending,-1
720575940626187014,DNg92_b,left,readout:descending,-1
720575940642198747,DNg92_b,left,readout:descending,-1
720575940637678653,DNg92_b,right,readout:descending,-1
720575940638159472,DNg92_b,right,readout:descending,-1
720575940626085562,DNg93,left,readout:descending,-1
720575940613019541,DNg93,right,readout:descending,-1
720575940623626986,DNg94,left,readout:descending,-1
720575940626888250,DNg94,right,readout:descending,-1
720575940645534516,DNg95,left,readout:descending,-1
720575940625887207,DNg95,right,readout:descending,-1
720575940612036837,DNg96,left,readout:descending,-1
720575940615715003,DNg96,right,readout:descending,-1
720575940626730883,DNg97,left,readout:descending,-1
720575940620300308,DNg97,right,readout:descending,-1
720575940630810486,DNg98,left,readout:descending,-1
720575940623338281,DNg98,right,readout:descending,-1
720575940620621190,DNg99,left,readout:descending,-1
720575940619332944,DNg99,right,readout:descending,-1
720575940617568697,DNge001,left,readout:descending,-1
720575940620135645,DNge001,left,readout:descending,-1
720575940622632084,DNge001,right,readout:descending,-1
720575940637530084,DNge001,right,readout:descending,-1
720575940611531986,DNge002,left,readout:descending,-1
720575940628345610,DNge002,right,readout:descending,-1
720575940623164685,DNge003,left,readout:descending,-1
720575940622195625,DNge003,right,readout:descending,-1
720575940614352278,DNge004,left,readout:descending,-1
720575940623637226,DNge004,right,readout:descending,-1
720575940650282742,DNge005,left,readout:descending,-1
720575940659356545,DNge005,right,readout:descending,-1
720575940646764579,DNge006,left,readout:descending,-1
720575940633178508,DNge006,right,readout:descending,-1
720575940626993694,DNge007,left,readout:descending,-1
720575940639425112,DNge007,right,readout:descending,-1
720575940621923837,DNge008,left,readout:descending,-1
720575940623431571,DNge008,right,readout:descending,-1
720575940616353675,DNge009,left,readout:descending,-1
720575940620017261,DNge009,right,readout:descending,-1
720575940629833020,DNge010,left,readout:descending,-1
720575940632161311,DNge010,right,readout:descending,-1
720575940625306603,DNge011,left,readout:descending,-1
720575940610872014,DNge011,right,readout:descending,-1
720575940625890888,DNge012,left,readout:descending,-1
720575940631632012,DNge012,right,readout:descending,-1
720575940627001637,DNge013,left,readout:descending,-1
720575940645834275,DNge013,right,readout:descending,-1
720575940640156301,DNge014,left,readout:descending,-1
720575940628993871,DNge014,right,readout:descending,-1
720575940605656521,DNge015,left,readout:descending,-1
720575940626229337,DNge015,left,readout:descending,-1
720575940632041247,DNge015,left,readout:descending,-1
720575940616076917,DNge015,right,readout:descending,-1
720575940616374667,DNge015,right,readout:descending,-1
720575940633201400,DNge015,right,readout:descending,-1
720575940607178709,DNge016,left,readout:descending,-1
720575940632037224,DNge016,right,readout:descending,-1
720575940626919579,DNge017,left,readout:descending,-1
720575940612586151,DNge017,right,readout:descending,-1
720575940625641402,DNge018,left,readout:descending,-1
720575940631283267,DNge018,right,readout:descending,-1
720575940604930481,DNge019,left,readout:descending,-1
720575940619133878,DNge019,left,readout:descending,-1
720575940626849546,DNge019,left,readout:descending,-1
720575940630221563,DNge019,left,readout:descending,-1
720575940632302151,DNge019,left,readout:descending,-1
720575940632620991,DNge019,left,readout:descending,-1
720575940634198926,DNge019,left,readout:descending,-1
720575940614129617,DNge019,right,readout:descending,-1
720575940622351996,DNge019,right,readout:descending,-1
720575940622386824,DNge019,right,readout:descending,-1
720575940624106388,DNge019,right,readout:descending,-1
720575940631695841,DNge019,right,readout:descending,-1
720575940612427414,DNge020,left,readout:descending,-1
720575940618947956,DNge020,left,readout:descending,-1
720575940622332403,DNge020,left,readout:descending,-1
720575940632355885,DNge020,left,readout:descending,-1
720575940604727264,DNge020,right,readout:descending,-1
720575940618393478,DNge020,right,readout:descending,-1
720575940625642302,DNge020,right,readout:descending,-1
720575940627595772,DNge020,right,readout:descending,-1
720575940628378440,DNge021,left,readout:descending,-1
720575940614642838,DNge021,right,readout:descending,-1
720575940615666655,DNge022,left,readout:descending,-1
720575940639634304,DNge022,right,readout:descending,-1
720575940644542880,DNge023,left,readout:descending,-1
720575940633218444,DNge023,right,readout:descending,-1
720575940621181066,DNge024,left,readout:descending,-1
720575940628445169,DNge024,left,readout:descending,-1
720575940631035603,DNge024,left,readout:descending,-1
720575940611807795,DNge024,right,readout:descending,-1
720575940622478349,DNge024,right,readout:descending,-1
720575940645032068,DNge024,right,readout:descending,-1
720575940618519454,DNge025,left,readout:descending,-1
720575940632303441,DNge025,right,readout:descending,-1
720575940628441862,DNge026,left,readout:descending,-1
720575940638989894,DNge026,right,readout:descending,-1
720575940621319156,DNge027,left,readout:descending,-1
720575940617432065,DNge027,right,readout:descending,-1
720575940644659236,DNge028,left,readout:descending,-1
720575940614165201,DNge028,right,readout:descending,-1
720575940614235323,DNge029,left,readout:descending,-1
720575940619077755,DNge029,right,readout:descending,-1
720575940639088216,DNge030,left,readout:descending,-1
720575940611654570,DNge030,right,readout:descending,-1
720575940640589171,DNge031,left,readout:descending,-1
720575940644653348,DNge031,right,readout:descending,-1
720575940618663838,DNge032,left,readout:descending,-1
720575940631508598,DNge032,right,readout:descending,-1
720575940624816115,DNge033,left,readout:descending,-1
720575940606222014,DNge033,right,readout:descending,-1
720575940612206810,DNge034,left,readout:descending,-1
720575940627419676,DNge034,right,readout:descending,-1
720575940620298772,DNge035,left,readout:descending,-1
720575940639726141,DNge035,right,readout:descending,-1
720575940632486969,DNge036,left,readout:descending,-1
720575940627107721,DNge036,right,readout:descending,-1
720575940608188427,DNge037,left,readout:descending,-1
720575940627826760,DNge037,right,readout:descending,-1
720575940621313414,DNge038,left,readout:descending,-1
720575940637603038,DNge038,right,readout:descending,-1
720575940616400470,DNge039,left,readout:descending,-1
720575940621530117,DNge039,right,readout:descending,-1
720575940645352814,DNge040,left,readout:descending,-1
720575940606607234,DNge040,right,readout:descending,-1
720575940622633716,DNge041,left,readout:descending,-1
720575940629240263,DNge041,right,readout:descending,-1
720575940631959097,DNge042,left,readout:descending,-1
720575940613347299,DNge042,right,readout:descending,-1
720575940622147873,DNge043,left,readout:descending,-1
720575940634428058,DNge043,right,readout:descending,-1
720575940623137212,DNge044,left,readout:descending,-1
720575940617792069,DNge044,right,readout:descending,-1
720575940612366322,DNge045,left,readout:descending,-1
720575940634825879,DNge045,right,readout:descending,-1
720575940630291767,DNge046,left,readout:descending,-1
720575940644758308,DNge046,left,readout:descending,-1
720575940620714150,DNge046,right,readout:descending,-1
720575940622027222,DNge046,right,readout:descending,-1
720575940614342038,DNge047,left,readout:descending,-1
720575940622565590,DNge047,right,readout:descending,-1
720575940617399257,DNge048,left,readout:descending,-1
720575940609376707,DNge048,right,readout:descending,-1
720575940628360723,DNge049,left,readout:descending,-1
720575940620082512,DNge049,right,readout:descending,-1
720575940611813842,DNge050,left,readout:descending,-1
720575940647586948,DNge050,right,readout:descending,-1
720575940610677828,DNge051,left,readout:descending,-1
720575940649829241,DNge051,right,readout:descending,-1
720575940637659749,DNge052,left,readout:descending,-1
720575940620859630,DNge052,right,readout:descending,-1
720575940638204132,DNge053,left,readout:descending,-1
720575940630135084,DNge053,right,readout:descending,-1
720575940620541099,DNge054,left,readout:descending,-1
720575940622161366,DNge054,right,readout:descending,-1
720575940623918121,DNge055,left,readout:descending,-1
720575940624986300,DNge055,right,readout:descending,-1
720575940626672058,DNge056,left,readout:descending,-1
720575940632960813,DNge056,right,readout:descending,-1
720575940627403578,DNge057,left,readout:descending,-1
720575940648180868,DNge057,right,readout:descending,-1
720575940606633248,DNge058,left,readout:descending,-1
720575940613589167,DNge058,right,readout:descending,-1
720575940615671106,DNge059,left,readout:descending,-1
720575940619877396,DNge059,right,readout:descending,-1
720575940630695798,DNge060,left,readout:descending,-1
720575940618291520,DNge060,right,readout:descending,-1
720575940621082111,DNge061,left,readout:descending,-1
720575940627099338,DNge062,left,readout:descending,-1
720575940615023535,DNge062,right,readout:descending,-1
720575940616597334,DNge063,left,readout:descending,-1
720575940617950877,DNge063,right,readout:descending,-1
720575940636333710,DNge064,left,readout:descending,-1
720575940626319235,DNge064,right,readout:descending,-1
720575940633293025,DNge065,left,readout:descending,-1
720575940627167516,DNge065,right,readout:descending,-1
720575940622537477,DNge067,left,readout:descending,-1
720575940627827697,DNge067,right,readout:descending,-1
720575940611881139,DNge068,left,readout:descending,-1
720575940615578043,DNge068,right,readout:descending,-1
720575940618405686,DNge069,left,readout:descending,-1
720575940627234069,DNge069,right,readout:descending,-1
720575940647755641,DNge070,left,readout:descending,-1
720575940651932150,DNge070,right,readout:descending,-1
720575940610309034,DNge071,left,readout:descending,-1
720575940613814971,DNge071,left,readout:descending,-1
720575940619431765,DNge071,left,readout:descending,-1
720575940620815896,DNge071,left,readout:descending,-1
720575940621534273,DNge071,left,readout:descending,-1
720575940625596647,DNge071,left,readout:descending,-1
720575940631651810,DNge071,left,readout:descending,-1
720575940634525303,DNge071,left,readout:descending,-1
720575940640422016,DNge071,left,readout:descending,-1
720575940609733582,DNge071,right,readout:descending,-1
720575940611765201,DNge071,right,readout:descending,-1
720575940612335539,DNge071,right,readout:descending,-1
720575940614959675,DNge071,right,readout:descending,-1
720575940628745209,DNge071,right,readout:descending,-1
720575940630569413,DNge071,right,readout:descending,-1
720575940636098367,DNge071,right,readout:descending,-1
720575940624530407,DNge072,left,readout:descending,-1
720575940638175558,DNge072,right,readout:descending,-1
720575940634560922,DNge073,left,readout:descending,-1
720575940629304702,DNge073,right,readout:descending,-1
720575940612429743,DNge074,left,readout:descending,-1
720575940617035449,DNge074,right,readout:descending,-1
720575940624015287,DNge075,left,readout:descending,-1
720575940628436282,DNge075,right,readout:descending,-1
720575940628971779,DNge076,left,readout:descending,-1
720575940634862943,DNge076,right,readout:descending,-1
720575940614014895,DNge077,left,readout:descending,-1
720575940628869648,DNge077,right,readout:descending,-1
720575940636308075,DNge078,left,readout:descending,-1
720575940629806974,DNge078,right,readout:descending,-1
720575940629477675,DNge079,left,readout:descending,-1
720575940632296519,DNge079,right,readout:descending,-1
720575940627847752,DNge080,left,readout:descending,-1
720575940609407939,DNge080,right,readout:descending,-1
720575940613686954,DNge081,left,readout:descending,-1
720575940618594117,DNge081,right,readout:descending,-1
720575940626092302,DNge082,left,readout:descending,-1
720575940628669545,DNge082,right,readout:descending,-1
720575940625182341,DNge083,left,readout:descending,-1
720575940619038366,DNge083,right,readout:descending,-1
720575940624651189,DNge084,left,readout:descending,-1
720575940638088511,DNge084,right,readout:descending,-1
720575940615385798,DNge085,left,readout:descending,-1
720575940616786433,DNge085,left,readout:descending,-1
720575940619905916,DNge085,left,readout:descending,-1
720575940622786317,DNge085,left,readout:descending,-1
720575940639802685,DNge085,left,readout:descending,-1
720575940610440402,DNge085,right,readout:descending,-1
720575940616548416,DNge085,right,readout:descending,-1
720575940622806247,DNge085,right,readout:descending,-1
720575940623968612,DNge085,right,readout:descending,-1
720575940625343761,DNge085,right,readout:descending,-1
720575940628487153,DNge085,right,readout:descending,-1
720575940646443316,DNge086,left,readout:descending,-1
720575940617249254,DNge086,right,readout:descending,-1
720575940605450342,DNge087,left,readout:descending,-1
720575940630382075,DNge087,left,readout:descending,-1
720575940624154604,DNge087,right,readout:descending,-1
720575940626068569,DNge087,right,readout:descending,-1
720575940620231590,DNge088,left,readout:descending,-1
720575940612629210,DNge088,right,readout:descending,-1
720575940610341582,DNge089,left,readout:descending,-1
720575940626238716,DNge089,left,readout:descending,-1
720575940626748702,DNge089,left,readout:descending,-1
720575940627307625,DNge089,left,readout:descending,-1
720575940606784265,DNge089,right,readout:descending,-1
720575940610935410,DNge089,right,readout:descending,-1
720575940620915224,DNge089,right,readout:descending,-1
720575940626580794,DNge089,right,readout:descending,-1
720575940625047815,DNge090,left,readout:descending,-1
720575940637896893,DNge090,left,readout:descending,-1
720575940614682274,DNge090,right,readout:descending,-1
720575940615424966,DNge090,right,readout:descending,-1
720575940611087786,DNge091,left,readout:descending,-1
720575940611610670,DNge091,left,readout:descending,-1
720575940617477022,DNge091,left,readout:descending,-1
720575940622123400,DNge091,left,readout:descending,-1
720575940625065653,DNge091,left,readout:descending,-1
720575940625187940,DNge091,left,readout:descending,-1
720575940629725545,DNge091,left,readout:descending,-1
720575940636606554,DNge091,left,readout:descending,-1
720575940615495867,DNge091,right,readout:descending,-1
720575940615659521,DNge091,right,readout:descending,-1
720575940617295321,DNge091,right,readout:descending,-1
720575940620110215,DNge091,right,readout:descending,-1
720575940621071495,DNge091,right,readout:descending,-1
720575940629965708,DNge091,right,readout:descending,-1
720575940630990533,DNge091,right,readout:descending,-1
720575940638094911,DNge091,right,readout:descending,-1
720575940649992569,DNge091,right,readout:descending,-1
720575940614046395,DNge092,left,readout:descending,-1
720575940634526560,DNge092,left,readout:descending,-1
720575940619910080,DNge092,right,readout:descending,-1
720575940636186463,DNge092,right,readout:descending,-1
720575940621071017,DNge093,left,readout:descending,-1
720575940624374334,DNge093,left,readout:descending,-1
720575940619676598,DNge093,right,readout:descending,-1
720575940623543117,DNge093,right,readout:descending,-1
720575940604729312,DNge094,left,readout:descending,-1
720575940606856405,DNge094,left,readout:descending,-1
720575940612373423,DNge094,left,readout:descending,-1
720575940615364564,DNge094,left,readout:descending,-1
720575940620804566,DNge094,left,readout:descending,-1
720575940621783628,DNge094,left,readout:descending,-1
720575940640630589,DNge094,left,readout:descending,-1
720575940621002480,DNge094,right,readout:descending,-1
720575940623193293,DNge094,right,readout:descending,-1
720575940623498876,DNge094,right,readout:descending,-1
720575940623899082,DNge094,right,readout:descending,-1
720575940624882151,DNge094,right,readout:descending,-1
720575940630829563,DNge094,right,readout:descending,-1
720575940632934751,DNge094,right,readout:descending,-1
720575940618870113,DNge095,left,readout:descending,-1
720575940630505334,DNge095,right,readout:descending,-1
720575940654094241,DNge096,left,readout:descending,-1
720575940632412333,DNge096,right,readout:descending,-1
720575940613590579,DNge097,left,readout:descending,-1
720575940617990228,DNge097,right,readout:descending,-1
720575940620473547,DNge098,left,readout:descending,-1
720575940617373268,DNge098,right,readout:descending,-1
720575940631091407,DNge099,left,readout:descending,-1
720575940628883535,DNge099,right,readout:descending,-1
720575940629792060,DNge100,left,readout:descending,-1
720575940619530187,DNge100,right,readout:descending,-1
720575940607451081,DNge101,left,readout:descending,-1
720575940639553920,DNge101,right,readout:descending,-1
720575940623706405,DNge102,left,readout:descending,-1
720575940611474925,DNge102,right,readout:descending,-1
720575940616498742,DNge102,right,readout:descending,-1
720575940630803727,DNge103,left,readout:descending,-1
720575940614075363,DNge103,right,readout:descending,-1
720575940623037720,DNge104,left,readout:descending,-1
720575940640723315,DNge104,right,readout:descending,-1
720575940637612974,DNge105,left,readout:descending,-1
720575940623781611,DNge105,right,readout:descending,-1
720575940624484796,DNge106,left,readout:descending,-1
720575940631662648,DNge106,right,readout:descending,-1
720575940626982181,DNge107,left,readout:descending,-1
720575940613917359,DNge107,right,readout:descending,-1
720575940622944196,DNge108,left,readout:descending,-1
720575940632788025,DNge108,left,readout:descending,-1
720575940630290536,DNge108,right,readout:descending,-1
720575940626296339,DNge109,left,readout:descending,-1
720575940621121159,DNge109,right,readout:descending,-1
720575940623934096,DNge110,left,readout:descending,-1
720575940634583694,DNge110,right,readout:descending,-1
720575940611498419,DNge111,left,readout:descending,-1
720575940611976618,DNge111,left,readout:descending,-1
720575940632626402,DNge111,left,readout:descending,-1
720575940631061900,DNge111,right,readout:descending,-1
720575940636104767,DNge111,right,readout:descending,-1
720575940606702601,DNge112,left,readout:descending,-1
720575940638084149,DNge112,right,readout:descending,-1
720575940610091955,DNge113,left,readout:descending,-1
720575940627722234,DNge113,left,readout:descending,-1
720575940632574946,DNge113,left,readout:descending,-1
720575940618427156,DNge113,right,readout:descending,-1
720575940629139968,DNge113,right,readout:descending,-1
720575940612028017,DNge114,left,readout:descending,-1
720575940639479168,DNge114,left,readout:descending,-1
720575940619372726,DNge114,right,readout:descending,-1
720575940630033913,DNge114,right,readout:descending,-1
720575940630333911,DNge114,right,readout:descending,-1
720575940641793440,DNge114,right,readout:descending,-1
720575940614562207,DNge115,left,readout:descending,-1
720575940619590360,DNge115,left,readout:descending,-1
720575940631627551,DNge115,left,readout:descending,-1
720575940642369736,DNge115,left,readout:descending,-1
720575940611552370,DNge115,right,readout:descending,-1
720575940618086535,DNge115,right,readout:descending,-1
720575940621599604,DNge115,right,readout:descending,-1
720575940628825348,DNge115,right,readout:descending,-1
720575940631051065,DNge116,left,readout:descending,-1
720575940640140733,DNge116,left,readout:descending,-1
720575940602534112,DNge116,right,readout:descending,-1
720575940634279543,DNge116,right,readout:descending,-1
720575940603786686,DNge117,left,readout:descending,-1
720575940623776235,DNge117,right,readout:descending,-1
720575940623537485,DNge118,left,readout:descending,-1
720575940614107554,DNge118,right,readout:descending,-1
720575940610605614,DNge119,left,readout:descending,-1
720575940619191966,DNge119,right,readout:descending,-1
720575940621801456,DNge120,left,readout:descending,-1
720575940631543414,DNge120,right,readout:descending,-1
720575940637870510,DNge121,left,readout:descending,-1
720575940635212139,DNge121,right,readout:descending,-1
720575940647031860,DNge122,left,readout:descending,-1
720575940631342073,DNge122,right,readout:descending,-1
720575940620297819,DNge123,left,readout:descending,-1
720575940614909506,DNge123,right,readout:descending,-1
720575940624537284,DNge124,left,readout:descending,-1
720575940626889491,DNge124,right,readout:descending,-1
720575940642449909,DNge125,left,readout:descending,-1
720575940605658033,DNge125,right,readout:descending,-1
720575940626189657,DNge126,left,readout:descending,-1
720575940631721287,DNge126,right,readout:descending,-1
720575940621399174,DNge127,left,readout:descending,-1
720575940640486488,DNge127,right,readout:descending,-1
720575940619024542,DNge128,left,readout:descending,-1
720575940652104694,DNge128,right,readout:descending,-1
720575940613339875,DNge129,left,readout:descending,-1
720575940628264585,DNge129,right,readout:descending,-1
720575940627490459,DNge130,left,readout:descending,-1
720575940632043320,DNge130,right,readout:descending,-1
720575940617918021,DNge131,left,readout:descending,-1
720575940621107847,DNge131,right,readout:descending,-1
720575940631982952,DNge132,left,readout:descending,-1
720575940613838289,DNge132,right,readout:descending,-1
720575940644467360,DNge133,left,readout:descending,-1
720575940608716809,DNge133,right,readout:descending,-1
720575940631469452,DNge134,left,readout:descending,-1
720575940631124076,DNge134,right,readout:descending,-1
720575940635355804,DNge135,left,readout:descending,-1
720575940622263066,DNge135,right,readout:descending,-1
720575940605714878,DNge136,left,readout:descending,-1
720575940633996883,DNge136,left,readout:descending,-1
720575940606425033,DNge136,right,readout:descending,-1
720575940610604078,DNge136,right,readout:descending,-1
720575940622933765,DNge137,left,readout:descending,-1
720575940628659049,DNge137,right,readout:descending,-1
720575940611108676,DNge138,center,readout:descending,-1
720575940627790991,DNge138,center,readout:descending,-1
720575940630403031,DNge139,left,readout:descending,-1
720575940617296029,DNge139,right,readout:descending,-1
720575940614759149,DNge140,left,readout:descending,-1
720575940614736034,DNge140,right,readout:descending,-1
720575940639314229,DNge141,left,readout:descending,-1
720575940627044885,DNge141,right,readout:descending,-1
720575940627629598,DNge142,left,readout:descending,-1
720575940607170178,DNge142,right,readout:descending,-1
720575940660220289,DNge143,left,readout:descending,-1
720575940634782359,DNge143,right,readout:descending,-1
720575940629774274,DNge144,left,readout:descending,-1
720575940626268761,DNge144,right,readout:descending,-1
720575940612058543,DNge145,left,readout:descending,-1
720575940636898270,DNge145,left,readout:descending,-1
720575940622728728,DNge145,right,readout:descending,-1
720575940638019184,DNge145,right,readout:descending,-1
720575940630839371,DNge146,left,readout:descending,-1
720575940623132621,DNge146,right,readout:descending,-1
720575940609417995,DNge147,left,readout:descending,-1
720575940632178892,DNge147,right,readout:descending,-1
720575940622248453,DNge148,left,readout:descending,-1
720575940627845704,DNge148,right,readout:descending,-1
720575940607384242,DNge149,center,readout:descending,-1
720575940625489160,DNge150,center,readout:descending,-1
720575940616167986,DNge151,center,readout:descending,-1
720575940622237466,DNge152,center,readout:descending,-1
720575940622805700,DNge154,right,readout:descending,-1
720575940636671886,DNge156,left,readout:descending,-1
720575940624991495,DNge172,left,readout:descending,-1
720575940630119532,DNge172,right,readout:descending,-1
720575940610001220,DNge173,left,readout:descending,-1
720575940626557442,DNge173,right,readout:descending,-1
720575940645045527,DNge174,left,readout:descending,-1
720575940627285267,DNge174,right,readout:descending,-1
720575940614572906,DNge175,left,readout:descending,-1
720575940637966424,DNge175,right,readout:descending,-1
720575940622838154,DNp01,left,readout:descending,-1
720575940632499757,DNp01,right,readout:descending,-1
720575940619654053,DNp02,left,readout:descending,-1
720575940620468718,DNp02,right,readout:descending,-1
720575940627645514,DNp03,left,readout:descending,-1
720575940628884496,DNp03,right,readout:descending,-1
720575940604954289,DNp04,left,readout:descending,-1
720575940629757036,DNp04,right,readout:descending,-1
720575940612203482,DNp05,left,readout:descending,-1
720575940626009852,DNp05,right,readout:descending,-1
720575940622673860,DNp06,left,readout:descending,-1
720575940611644529,DNp06,right,readout:descending,-1
720575940617034565,DNp07,left,readout:descending,-1
720575940622550089,DNp07,right,readout:descending,-1
720575940628498161,DNp08,left,readout:descending,-1
720575940633170643,DNp08,right,readout:descending,-1
720575940635872101,DNp09,left,readout:descending,-1
720575940627652358,DNp09,right,readout:descending,-1
720575940620153765,DNp10,left,readout:descending,-1
720575940619678366,DNp10,right,readout:descending,-1
720575940631483695,DNp101,left,readout:descending,-1
720575940625420986,DNp101,right,readout:descending,-1
720575940638637501,DNp102,left,readout:descending,-1
720575940610199781,DNp102,right,readout:descending,-1
720575940623781127,DNp103,left,readout:descending,-1
720575940610505006,DNp103,right,readout:descending,-1
720575940614137907,DNp104,left,readout:descending,-1
720575940623122125,DNp104,right,readout:descending,-1
720575940620054694,DNp11,left,readout:descending,-1
720575940629777018,DNp11,right,readout:descending,-1
720575940621804159,DNp12,left,readout:descending,-1
720575940629421159,DNp12,right,readout:descending,-1
720575940619486891,DNp13,left,readout:descending,-1
720575940625295339,DNp13,right,readout:descending,-1
720575940640747352,DNp14,left,readout:descending,-1
720575940620354836,DNp14,right,readout:descending,-1
720575940616293855,DNp15,left,readout:descending,-1
720575940623431351,DNp15,right,readout:descending,-1
720575940615219417,DNp16,left,readout:descending,-1
720575940618382529,DNp16,left,readout:descending,-1
720575940605041330,DNp16,right,readout:descending,-1
720575940613748689,DNp16,right,readout:descending,-1
720575940607037635,DNp17,left,readout:descending,-1
720575940617802187,DNp17,left,readout:descending,-1
720575940623203004,DNp17,left,readout:descending,-1
720575940628398202,DNp17,left,readout:descending,-1
720575940630071583,DNp17,left,readout:descending,-1
720575940630671734,DNp17,left,readout:descending,-1
720575940610010521,DNp17,right,readout:descending,-1
720575940617696728,DNp17,right,readout:descending,-1
720575940623992300,DNp17,right,readout:descending,-1
720575940625744784,DNp17,right,readout:descending,-1
720575940628895787,DNp17,right,readout:descending,-1
720575940633853559,DNp17,right,readout:descending,-1
720575940618440000,DNp18,left,readout:descending,-1
720575940627949589,DNp18,right,readout:descending,-1
720575940616647483,DNp19,left,readout:descending,-1
720575940643487342,DNp19,right,readout:descending,-1
720575940629390123,DNp20,left,readout:descending,-1
720575940644166048,DNp20,right,readout:descending,-1
720575940615043368,DNp22,left,readout:descending,-1
720575940631225996,DNp22,right,readout:descending,-1
720575940610472146,DNp23,left,readout:descending,-1
720575940639428174,DNp23,right,readout:descending,-1
720575940623786376,DNp24,left,readout:descending,-1
720575940645176264,DNp24,right,readout:descending,-1
720575940629509948,DNp25,left,readout:descending,-1
720575940611782874,DNp25,right,readout:descending,-1
720575940619432261,DNp26,left,readout:descending,-1
720575940627732361,DNp26,right,readout:descending,-1
720575940628731140,DNp27,left,readout:descending,-1
720575940629413962,DNp27,right,readout:descending,-1
720575940621561697,DNp28,left,readout:descending,-1
720575940640142141,DNp28,right,readout:descending,-1
720575940622675421,DNp29,left,readout:descending,-1
720575940635549620,DNp29,right,readout:descending,-1
720575940620156283,DNp30,left,readout:descending,-1
720575940633228103,DNp30,right,readout:descending,-1
720575940632189900,DNp31,left,readout:descending,-1
720575940628132745,DNp31,right,readout:descending,-1
720575940650929273,DNp32,left,readout:descending,-1
720575940630610042,DNp32,right,readout:descending,-1
720575940604103084,DNp33,left,readout:descending,-1
720575940633165452,DNp33,right,readout:descending,-1
720575940642894628,DNp34,left,readout:descending,-1
720575940632903737,DNp34,right,readout:descending,-1
720575940628437291,DNp35,left,readout:descending,-1
720575940623276168,DNp35,right,readout:descending,-1
720575940624407944,DNp36,left,readout:descending,-1
720575940630992813,DNp36,right,readout:descending,-1
720575940627496829,DNp37,left,readout:descending,-1
720575940613170498,DNp37,right,readout:descending,-1
720575940632422219,DNp38,left,readout:descending,-1
720575940630236988,DNp38,right,readout:descending,-1
720575940617750070,DNp39,left,readout:descending,-1
720575940612557994,DNp39,right,readout:descending,-1
720575940623467527,DNp40,left,readout:descending,-1
720575940619152856,DNp40,right,readout:descending,-1
720575940627166851,DNp41,left,readout:descending,-1
720575940636933722,DNp41,left,readout:descending,-1
720575940632836675,DNp41,right,readout:descending,-1
720575940633953434,DNp41,right,readout:descending,-1
720575940618594022,DNp42,left,readout:descending,-1
720575940641148149,DNp42,right,readout:descending,-1
720575940631122191,DNp43,left,readout:descending,-1
720575940641278965,DNp43,right,readout:descending,-1
720575940627582724,DNp44,left,readout:descending,-1
720575940605725873,DNp44,right,readout:descending,-1
720575940624426680,DNp45,left,readout:descending,-1
720575940617280657,DNp45,right,readout:descending,-1
720575940620369517,DNp46,left,readout:descending,-1
720575940623582867,DNp46,right,readout:descending,-1
720575940615251251,DNp47,left,readout:descending,-1
720575940620038779,DNp47,right,readout:descending,-1
720575940613403890,DNp48,left,readout:descending,-1
720575940621031006,DNp48,right,readout:descending,-1
720575940625539984,DNp49,left,readout:descending,-1
720575940625747812,DNp49,right,readout:descending,-1
720575940612682467,DNp51,left,readout:descending,-1
720575940636651376,DNp51,right,readout:descending,-1
720575940616886301,DNp52,left,readout:descending,-1
720575940625513360,DNp52,right,readout:descending,-1
720575940627055303,DNp53,left,readout:descending,-1
720575940624861072,DNp53,right,readout:descending,-1
720575940630346860,DNp54,left,readout:descending,-1
720575940618398533,DNp54,right,readout:descending,-1
720575940643347616,DNp55,left,readout:descending,-1
720575940617245652,DNp55,right,readout:descending,-1
720575940629312300,DNp56,left,readout:descending,-1
720575940637126007,DNp56,right,readout:descending,-1
720575940646814340,DNp57,left,readout:descending,-1
720575940629170250,DNp57,right,readout:descending,-1
720575940631309866,DNp58,left,readout:descending,-1
720575940618936710,DNp58,right,readout:descending,-1
720575940645258606,DNp59,left,readout:descending,-1
720575940614581410,DNp59,right,readout:descending,-1
720575940615692690,DNp60,left,readout:descending,-1
720575940626859283,DNp60,right,readout:descending,-1
720575940635640312,DNp62,left,readout:descending,-1
720575940617904208,DNp62,right,readout:descending,-1
720575940636610671,DNp63,left,readout:descending,-1
720575940625345511,DNp63,right,readout:descending,-1
720575940639789475,DNp64,left,readout:descending,-1
720575940629846722,DNp64,right,readout:descending,-1
720575940623925173,DNp65,left,readout:descending,-1
720575940620878785,DNp65,right,readout:descending,-1
720575940626562833,DNp66,left,readout:descending,-1
720575940628858640,DNp66,right,readout:descending,-1
720575940620582260,DNp67,left,readout:descending,-1
720575940630221509,DNp67,right,readout:descending,-1
720575940615378700,DNp68,left,readout:descending,-1
720575940617952034,DNp68,right,readout:descending,-1
720575940641173632,DNp69,left,readout:descending,-1
720575940617809181,DNp69,right,readout:descending,-1
720575940624349993,DNp70,left,readout:descending,-1
720575940618314897,DNp70,right,readout:descending,-1
720575940625673196,DNp71,left,readout:descending,-1
720575940633095137,DNp71,right,readout:descending,-1
720575940641237632,DNp72,right,readout:descending,-1
720575940655587489,DNp73,left,readout:descending,-1
720575940629586417,DNp73,right,readout:descending,-1
720575940630106309,DNpe001,left,readout:descending,-1
720575940620561840,DNpe001,right,readout:descending,-1
720575940629428215,DNpe002,left,readout:descending,-1
720575940620642940,DNpe002,right,readout:descending,-1
720575940612311987,DNpe003,left,readout:descending,-1
720575940616649845,DNpe003,left,readout:descending,-1
720575940633488153,DNpe003,right,readout:descending,-1
720575940644022551,DNpe003,right,readout:descending,-1
720575940635464343,DNpe004,left,readout:descending,-1
720575940605009097,DNpe004,right,readout:descending,-1
720575940613636325,DNpe005,left,readout:descending,-1
720575940613915823,DNpe005,right,readout:descending,-1
720575940630425083,DNpe006,left,readout:descending,-1
720575940638013274,DNpe006,right,readout:descending,-1
720575940635210859,DNpe007,left,readout:descending,-1
720575940624404872,DNpe007,right,readout:descending,-1
720575940602864300,DNpe008,left,readout:descending,-1
720575940611886289,DNpe008,left,readout:descending,-1
720575940617802699,DNpe008,left,readout:descending,-1
720575940619341744,DNpe008,left,readout:descending,-1
720575940619790975,DNpe008,left,readout:descending,-1
720575940622917351,DNpe008,left,readout:descending,-1
720575940624655285,DNpe008,left,readout:descending,-1
720575940625890812,DNpe008,left,readout:descending,-1
720575940627560236,DNpe008,left,readout:descending,-1
720575940609316050,DNpe008,right,readout:descending,-1
720575940611102437,DNpe008,right,readout:descending,-1
720575940613200706,DNpe008,right,readout:descending,-1
720575940613731270,DNpe008,right,readout:descending,-1
720575940618706603,DNpe008,right,readout:descending,-1
720575940621270410,DNpe008,right,readout:descending,-1
720575940625467280,DNpe008,right,readout:descending,-1
720575940626165489,DNpe008,right,readout:descending,-1
720575940632989291,DNpe008,right,readout:descending,-1
720575940618870881,DNpe009,left,readout:descending,-1
720575940619090541,DNpe009,left,readout:descending,-1
720575940619315888,DNpe009,left,readout:descending,-1
720575940631720417,DNpe009,left,readout:descending,-1
720575940604284128,DNpe009,right,readout:descending,-1
720575940613632153,DNpe009,right,readout:descending,-1
720575940614587990,DNpe009,right,readout:descending,-1
720575940623052728,DNpe009,right,readout:descending,-1
720575940639919824,DNpe010,left,readout:descending,-1
720575940617030585,DNpe010,right,readout:descending,-1
720575940607854793,DNpe011,left,readout:descending,-1
720575940608332674,DNpe011,left,readout:descending,-1
720575940615502604,DNpe011,left,readout:descending,-1
720575940619089005,DNpe011,left,readout:descending,-1
720575940622437671,DNpe011,right,readout:descending,-1
720575940627542316,DNpe011,right,readout:descending,-1
720575940630078031,DNpe011,right,readout:descending,-1
720575940607971337,DNpe012,left,readout:descending,-1
720575940615058216,DNpe012,left,readout:descending,-1
720575940622836970,DNpe012,left,readout:descending,-1
720575940629782072,DNpe012,left,readout:descending,-1
720575940623528842,DNpe012,right,readout:descending,-1
720575940629686339,DNpe012,right,readout:descending,-1
720575940635405719,DNpe012,right,readout:descending,-1
720575940639789731,DNpe012,right,readout:descending,-1
720575940636479863,DNpe013,left,readout:descending,-1
720575940636879534,DNpe013,right,readout:descending,-1
720575940623153788,DNpe014,left,readout:descending,-1
720575940627924227,DNpe014,left,readout:descending,-1
720575940619548799,DNpe014,right,readout:descending,-1
720575940628796780,DNpe014,right,readout:descending,-1
720575940603489824,DNpe015,left,readout:descending,-1
720575940615630237,DNpe015,left,readout:descending,-1
720575940615794077,DNpe015,left,readout:descending,-1
720575940618550699,DNpe015,left,readout:descending,-1
720575940622505511,DNpe015,left,readout:descending,-1
720575940614147701,DNpe015,right,readout:descending,-1
720575940618402694,DNpe015,right,readout:descending,-1
720575940619024816,DNpe015,right,readout:descending,-1
720575940621304723,DNpe015,right,readout:descending,-1
720575940640128720,DNpe015,right,readout:descending,-1
720575940623556755,DNpe016,left,readout:descending,-1
720575940614236200,DNpe016,right,readout:descending,-1
720575940629866283,DNpe017,left,readout:descending,-1
720575940631925156,DNpe017,right,readout:descending,-1
720575940606756309,DNpe018,left,readout:descending,-1
720575940608877266,DNpe018,right,readout:descending,-1
720575940627620593,DNpe019,left,readout:descending,-1
720575940636592302,DNpe019,right,readout:descending,-1
720575940624766700,DNpe020,left,readout:descending,-1
720575940623125628,DNpe020,right,readout:descending,-1
720575940606179686,DNpe021,left,readout:descending,-1
720575940629155227,DNpe021,right,readout:descending,-1
720575940615798470,DNpe022,left,readout:descending,-1
720575940632900665,DNpe022,right,readout:descending,-1
720575940616604817,DNpe023,left,readout:descending,-1
720575940633011256,DNpe023,right,readout:descending,-1
720575940617140597,DNpe024,left,readout:descending,-1
720575940621157645,DNpe024,right,readout:descending,-1
720575940611622826,DNpe025,left,readout:descending,-1
720575940621401222,DNpe025,right,readout:descending,-1
720575940625184782,DNpe026,left,readout:descending,-1
720575940616274619,DNpe026,right,readout:descending,-1
720575940608145026,DNpe027,left,readout:descending,-1
720575940624121161,DNpe027,right,readout:descending,-1
720575940611237594,DNpe028,left,readout:descending,-1
720575940644279319,DNpe028,right,readout:descending,-1
720575940617873201,DNpe029,left,readout:descending,-1
720575940630428324,DNpe029,left,readout:descending,-1
720575940626518858,DNpe029,right,readout:descending,-1
720575940631609391,DNpe029,right,readout:descending,-1
720575940630689644,DNpe030,left,readout:descending,-1
720575940605162924,DNpe030,right,readout:descending,-1
720575940627750216,DNpe031,left,readout:descending,-1
720575940634750871,DNpe031,left,readout:descending,-1
720575940621554112,DNpe031,right,readout:descending,-1
720575940622843530,DNpe031,right,readout:descending,-1
720575940617552569,DNpe032,left,readout:descending,-1
720575940645693476,DNpe032,right,readout:descending,-1
720575940619451989,DNpe033,left,readout:descending,-1
720575940623014695,DNpe033,right,readout:descending,-1
720575940615559892,DNpe034,left,readout:descending,-1
720575940614185366,DNpe034,right,readout:descending,-1
720575940608409355,DNpe035,left,readout:descending,-1
720575940610715346,DNpe035,right,readout:descending,-1
720575940647471395,DNpe036,left,readout:descending,-1
720575940648654468,DNpe036,right,readout:descending,-1
720575940623274966,DNpe037,left,readout:descending,-1
720575940635552948,DNpe037,right,readout:descending,-1
720575940620625880,DNpe038,left,readout:descending,-1
720575940632512156,DNpe038,right,readout:descending,-1
720575940607378633,DNpe039,left,readout:descending,-1
720575940626806046,DNpe039,right,readout:descending,-1
720575940624801771,DNpe040,left,readout:descending,-1
720575940605702944,DNpe040,right,readout:descending,-1
720575940620757748,DNpe041,left,readout:descending,-1
720575940606704562,DNpe041,right,readout:descending,-1
720575940615092019,DNpe042,left,readout:descending,-1
720575940619038493,DNpe042,right,readout:descending,-1
720575940623142426,DNpe043,left,readout:descending,-1
720575940637618142,DNpe043,right,readout:descending,-1
720575940622040419,DNpe044,left,readout:descending,-1
720575940621196037,DNpe044,right,readout:descending,-1
720575940637341668,DNpe045,left,readout:descending,-1
720575940612488341,DNpe045,right,readout:descending,-1
720575940632646114,DNpe046,left,readout:descending,-1
720575940609719250,DNpe046,right,readout:descending,-1
720575940607632579,DNpe047,left,readout:descending,-1
720575940614363619,DNpe047,right,readout:descending,-1
720575940646160948,DNpe048,left,readout:descending,-1
720575940617448331,DNpe048,right,readout:descending,-1
720575940615292895,DNpe049,left,readout:descending,-1
720575940628885160,DNpe049,right,readout:descending,-1
720575940624977847,DNpe050,left,readout:descending,-1
720575940631499832,DNpe050,right,readout:descending,-1
720575940635838143,DNpe052,left,readout:descending,-1
720575940635210603,DNpe052,right,readout:descending,-1
720575940624402173,DNpe053,left,readout:descending,-1
720575940639242303,DNpe053,right,readout:descending,-1
720575940603580960,DNpe054,left,readout:descending,-1
720575940626665489,DNpe054,left,readout:descending,-1
720575940640306061,DNpe054,left,readout:descending,-1
720575940642411917,DNpe054,left,readout:descending,-1
720575940621629578,DNpe054,right,readout:descending,-1
720575940627241321,DNpe054,right,readout:descending,-1
720575940632379071,DNpe054,right,readout:descending,-1
720575940633213132,DNpe054,right,readout:descending,-1
720575940603874784,DNpe055,left,readout:descending,-1
720575940613558509,DNpe055,right,readout:descending,-1
720575940634458719,DNpe056,left,readout:descending,-1
720575940632472850,DNpe056,right,readout:descending,-1
720575940606753884,DNxl114,right,readout:descending,-1
720575940616026939,MDN,left,readout:descending,-1
720575940631082808,MDN,left,readout:descending,-1
720575940610236514,MDN,right,readout:descending,-1
720575940640331472,MDN,right,readout:descending,-1
720575940629490476,aSP22,left,readout:descending,-1
720575940631520312,aSP22,right,readout:descending,-1
720575940627921182,oviDNa_a,left,readout:descending,-1
720575940642312136,oviDNa_a,right,readout:descending,-1
720575940621257340,oviDNa_b,left,readout:descending,-1
720575940646173748,oviDNa_b,right,readout:descending,-1
720575940641518733,oviDNb,left,readout:descending,-1
720575940603980256,oviDNb,right,readout:descending,-1
720575940628372613,CB0004,left,readout:motor,-1
720575940620182181,CB0004,right,readout:motor,-1
720575940618165019,CB0700,left,readout:motor,-1
720575940630868793,CB0700,right,readout:motor,-1
720575940618238523,CB0701,left,readout:motor,-1
720575940660219265,CB0701,right,readout:motor,-1
720575940610679876,CB0703,left,readout:motor,-1
720575940644726432,CB0703,right,readout:motor,-1
720575940622008560,CB0705,left,readout:motor,-1
720575940629464582,CB0705,left,readout:motor,-1
720575940607880578,CB0705,right,readout:motor,-1
720575940624342569,CB0705,right,readout:motor,-1
720575940624679463,CB0706,left,readout:motor,-1
720575940631715896,CB0706,right,readout:motor,-1
720575940636165624,CB0708,left,readout:motor,-1
720575940635360924,CB0708,right,readout:motor,-1
720575940613935535,CB0715,left,readout:motor,-1
720575940624967612,CB0715,right,readout:motor,-1
720575940615500030,CB0720,left,readout:motor,-1
720575940616340639,CB0720,left,readout:motor,-1
720575940623415849,CB0720,right,readout:motor,-1
720575940629936348,CB0720,right,readout:motor,-1
720575940639021757,CB0723,left,readout:motor,-1
720575940622235930,CB0723,right,readout:motor,-1
720575940623390246,CB0728,left,readout:motor,-1
720575940626939737,CB0728,right,readout:motor,-1
720575940623473335,CB0750,left,readout:motor,-1
720575940637662697,CB0750,right,readout:motor,-1
720575940621586854,CB0762,left,readout:motor,-1
720575940633185567,CB0762,left,readout:motor,-1
720575940626094350,CB0762,right,readout:motor,-1
720575940628997123,CB0762,right,readout:motor,-1
720575940624554170,CB0764,left,readout:motor,-1
720575940620553654,CB0764,right,readout:motor,-1
720575940622137633,CB0769,left,readout:motor,-1
720575940628096586,CB0769,right,readout:motor,-1
720575940619682368,CB0783,left,readout:motor,-1
720575940614734754,CB0783,right,readout:motor,-1
720575940628998659,CB0789,left,readout:motor,-1
720575940645697828,CB0789,right,readout:motor,-1
720575940618519710,CB0804,left,readout:motor,-1
720575940630139386,CB0804,right,readout:motor,-1
720575940621351412,CB0810,left,readout:motor,-1
720575940611008718,CB0810,right,readout:motor,-1
720575940640640061,CB0831,left,readout:motor,-1
720575940623457535,CB0831,right,readout:motor,-1
720575940636044143,CB0835,left,readout:motor,-1
720575940616570966,CB0835,right,readout:motor,-1
720575940633195148,CB0836,left,readout:motor,-1
720575940623137818,CB0836,right,readout:motor,-1
720575940624943084,CB0838,left,readout:motor,-1
720575940650119289,CB0838,right,readout:motor,-1
720575940614386070,CB0845,left,readout:motor,-1
720575940625612474,CB0845,left,readout:motor,-1
720575940607193986,CB0845,right,readout:motor,-1
720575940629561347,CB0845,right,readout:motor,-1
720575940627410451,CB0858,left,readout:motor,-1
720575940628826128,CB0858,right,readout:motor,-1
720575940618600246,CB0861,left,readout:motor,-1
720575940617403622,CB0861,right,readout:motor,-1
720575940630865724,CB0871,left,readout:motor,-1
720575940629810748,CB0871,right,readout:motor,-1
720575940610792290,CB0873,left,readout:motor,-1
720575940620982966,CB0873,right,readout:motor,-1
720575940630580854,CB0875,left,readout:motor,-1
720575940645528430,CB0875,right,readout:motor,-1
720575940647474979,CB0882,left,readout:motor,-1
720575940623993015,CB0882,right,readout:motor,-1
720575940629183643,CB0886,left,readout:motor,-1
720575940615596850,CB0886,right,readout:motor,-1
720575940633710756,CB0899,left,readout:motor,-1
720575940631023099,CB0899,right,readout:motor,-1
720575940622361270,CB0901,left,readout:motor,-1
720575940622168052,CB0901,right,readout:motor,-1
720575940632281927,CB0904,left,readout:motor,-1
720575940661338497,CB0904,right,readout:motor,-1
720575940623352063,CB0911,left,readout:motor,-1
720575940612888178,CB0911,right,readout:motor,-1
720575940641811419,CB0913,left,readout:motor,-1
720575940628164612,CB0913,right,readout:motor,-1
720575940615197747,CB0914,left,readout:motor,-1
720575940645527918,CB0914,right,readout:motor,-1
720575940618539810,CB0915,left,readout:motor,-1
720575940630233404,CB0915,right,readout:motor,-1
720575940632898105,CB0916,left,readout:motor,-1
720575940634813536,CB0916,right,readout:motor,-1
720575940608078347,CB0918,left,readout:motor,-1
720575940635776760,CB0918,left,readout:motor,-1
720575940607641010,CB0918,right,readout:motor,-1
720575940624327572,CB0918,right,readout:motor,-1
720575940620595393,CB2748,left,readout:motor,-1
720575940623620425,CB2748,left,readout:motor,-1
720575940635261838,CB2748,right,readout:motor,-1
720575940648375161,CB2748,right,readout:motor,-1
720575940624117528,CB4212,left,readout:motor,-1
720575940605287358,CB4212,right,readout:motor,-1
720575940620008112,CEM,left,readout:motor,-1
720575940625799513,CEM,left,readout:motor,-1
720575940640681680,CEM,left,readout:motor,-1
720575940621126384,CEM,right,readout:motor,-1
720575940621169690,CEM,right,readout:motor,-1
720575940628781333,CEM,right,readout:motor,-1
720575940622810153,MN10,left,readout:motor,-1
720575940620025620,MN10,right,readout:motor,-1
720575940628743752,MN10,right,readout:motor,-1
720575940629778554,MNx01,right,readout:motor,-1
720575940631999080,MNx01,right,readout:motor,-1
720575940632304711,MNx01,right,readout:motor,-1
720575940646274670,MNx03,left,readout:motor,-1
720575940648804217,MNx03,left,readout:motor,-1
